id,first_name,last_name,email,gender,ip_address
1,,Dawidowitsch,rdawidowitsch0@indiegogo.com,Female,
,Nikkie,Elven,nelven1@live.com,Female,204.68.159.238
3,Noell,,,Female,198.202.214.38
4,Huey,,hmance3@xinhuanet.com,Male,55.248.52.76
5,Stavro,Djokovic,sdjokovic4@arstechnica.com,Male,20.110.119.11
,,Laxston,plaxston5@amazon.de,Female,164.55.43.155
7,Zonnya,Crandon,,,
8,Lindy,,lvalentin7@state.tx.us,Male,90.185.80.118
,Gerry,,gbaylay8@mashable.com,Female,
10,Deanne,,dchampniss9@mayoclinic.com,Female,
11,Daven,,,,
,Dore,Nys,dnysb@smh.com.au,Male,238.81.101.178
,Jaquith,Del Dello,jdeldelloc@ox.ac.uk,Female,161.176.77.254
,Bertina,,bgiamettid@reddit.com,Female,36.186.81.113
15,Karlis,Wakefield,kwakefielde@twitter.com,,129.3.111.5
,Dee dee,Colebourn,dcolebournf@wired.com,Female,99.240.21.106
17,Suellen,,smylesg@rakuten.co.jp,,
,Loralyn,Foan,lfoanh@hhs.gov,,98.236.105.159
,Ameline,Benthall,,,167.94.39.62
20,Tarah,Chattoe,tchattoej@bbb.org,,213.69.195.92
21,Kristoforo,,kdengek@jiathis.com,,31.105.6.218
22,Beilul,Duchant,bduchantl@plala.or.jp,,121.130.59.52
23,,Adger,,Female,
24,Claiborn,Pesterfield,,Male,213.179.126.223
25,Elsworth,,egunninghamo@house.gov,Male,
26,,Raittie,rraittiep@photobucket.com,Female,95.1.86.127
27,,Warcop,uwarcopq@utexas.edu,,163.35.148.92
28,,,ctater@over-blog.com,Female,142.50.222.234
,Annelise,,,Female,131.127.105.215
,Cayla,McClaughlin,cmcclaughlint@51.la,Female,36.98.209.21
31,,Gilderoy,tgilderoyu@youtu.be,Female,83.134.76.206
,,MacNelly,mmacnellyv@scribd.com,Female,60.234.242.79
,,Henrique,,Male,145.205.74.158
34,Alethea,Burnage,aburnagex@bloglines.com,Female,88.33.4.211
,Susan,Duell,sduelly@prlog.org,Female,
,Rafaelia,Bradbrook,,Female,43.71.246.172
37,,Poile,kpoile10@gnu.org,,22.44.131.49
38,Cornall,Castiglio,,,
39,Stuart,Wiz,,Male,194.4.100.243
40,Gaspard,Yeulet,gyeulet13@bloglovin.com,Male,63.116.135.107
,Neils,Corney,ncorney14@fc2.com,Male,181.87.178.78
42,Biddy,Haseley,bhaseley15@addtoany.com,Female,86.125.51.253
,Adrianne,Gregon,agregon16@mtv.com,,80.216.189.210
,Ellyn,,ecouchman17@biblegateway.com,Female,26.38.96.34
45,Ezechiel,,,,208.161.142.178
46,Kiley,Rowberry,,Male,51.207.204.245
47,Charline,Americi,camerici1a@thetimes.co.uk,Female,118.227.172.108
48,,Beccero,mbeccero1b@yandex.ru,Female,145.7.154.154
49,,Barbe,lbarbe1c@github.com,Male,53.241.167.46
50,,Kewzick,ikewzick1d@typepad.com,,64.47.109.62
51,Becky,,bstirtle1e@ustream.tv,Female,189.48.215.53
52,Jonis,,,Female,
53,,Kellog,,Female,
54,Creighton,Muffin,cmuffin1h@aol.com,,
55,,,cgrumble1i@ustream.tv,Male,98.133.157.32
,Sonni,Grigoli,sgrigoli1j@usgs.gov,Female,178.85.25.169
57,,Billiard,obilliard1k@free.fr,Female,155.148.12.153
58,Toddy,Bayman,,Male,20.121.4.68
59,Jolene,Morrell,,Female,201.42.209.174
60,Dee dee,,dglassard1n@jugem.jp,Female,227.217.142.88
61,Aaron,,aduligall1o@yahoo.co.jp,,
62,Yalonda,Dowry,ydowry1p@wikia.com,,60.170.28.39
,,Garmons,mgarmons1q@chicagotribune.com,Male,216.0.30.1
,Darell,Inde,dinde1r@blogger.com,Female,75.155.95.196
,Brendin,,,Male,84.122.19.104
66,Pammie,Brownlie,pbrownlie1t@soundcloud.com,Female,
67,Cherish,Newnham,cnewnham1u@kickstarter.com,Female,115.200.150.70
68,,Delmonti,sdelmonti1v@google.it,Male,36.167.128.136
69,Pip,Lumly,plumly1w@oakley.com,,151.145.238.87
70,Stefano,Timothy,,Male,
,Andrew,,awardle1y@cafepress.com,,165.13.159.222
72,Noby,,nmathison1z@cargocollective.com,Male,222.208.176.136
73,,,esavery20@infoseek.co.jp,Female,72.24.25.15
74,Keir,Bebb,kbebb21@amazon.co.jp,Male,48.176.69.82
75,,Abela,aabela22@dagondesign.com,,236.235.212.69
76,Ferrel,Gleed,fgleed23@google.it,Male,
77,Marta,Yesenin,,Female,240.238.67.215
78,Deck,,dwhapples25@youku.com,Male,
79,Jethro,Sidwick,jsidwick26@statcounter.com,Male,204.106.177.181
80,,Stubbert,,Female,
81,,Balthasar,tbalthasar28@ask.com,Male,123.52.84.37
,Parker,Moss,pmoss29@ebay.co.uk,Male,
,Garrik,Phear,gphear2a@loc.gov,,
84,,Giraldo,,Male,197.50.19.107
,Kassia,,khousen2c@dyndns.org,Female,127.94.21.196
,,,echominski2d@wikipedia.org,,118.124.60.214
,Spence,Burel,,,237.100.3.230
88,Nettle,Dennison,ndennison2f@xinhuanet.com,,227.247.55.111
89,Sigmund,Ferrand,,Male,176.16.51.248
90,Michel,Ramsbottom,mramsbottom2h@bloomberg.com,Male,28.33.207.163
91,Matthieu,Cantua,mcantua2i@ft.com,Male,59.103.129.147
92,,Durtnal,,Male,176.52.175.122
93,,,,Male,
94,,,gweatherill2l@phoca.cz,Male,
95,,Steinham,,,80.167.83.102
96,Sapphire,Chrystie,,,131.159.96.48
97,,Casey,gcasey2o@netvibes.com,Male,
,Kimble,Ghioni,kghioni2p@tripadvisor.com,Male,
99,Zorina,Lemmertz,zlemmertz2q@omniture.com,Female,95.37.116.76
,Constancia,Stroton,cstroton2r@taobao.com,Female,255.146.106.216
101,,,wtordiffe2s@nytimes.com,,219.75.124.24
102,Lanae,,lcianni2t@so-net.ne.jp,Female,27.100.2.118
103,Clarke,,cdickons2u@globo.com,,74.235.134.209
104,Agosto,MacElroy,,Male,242.206.54.252
105,Brittne,Vasechkin,bvasechkin2w@upenn.edu,Female,
,Tamqrah,Kippie,tkippie2x@howstuffworks.com,Female,
107,Orelie,Buffham,obuffham2y@cloudflare.com,Female,200.118.117.154
108,Rudolf,Stanesby,,Male,245.38.4.134
,,,ecolborn30@sourceforge.net,,
110,,,rgonsalvez31@illinois.edu,,37.85.244.14
,Chucho,Philliphs,cphilliphs32@surveymonkey.com,,14.26.195.33
,Terrye,Waterhous,twaterhous33@prnewswire.com,Female,
,Jedediah,,jtretwell34@ucoz.com,Male,130.65.242.154
114,Lucina,Hallgalley,lhallgalley35@google.co.uk,Female,59.19.177.31
115,Lowell,Franses,lfranses36@hhs.gov,,101.123.78.157
116,,,,Female,224.44.135.122
117,Kelila,,knapthine38@ted.com,Female,95.157.101.61
,Brok,Thackeray,bthackeray39@bloglovin.com,Male,137.4.164.157
,Neilla,,ndibaudi3a@amazon.com,Female,131.126.147.163
120,Ericka,,efedorchenko3b@ezinearticles.com,Female,
121,Lorilyn,,,Female,231.1.143.164
122,Jeanna,,jsidney3d@dedecms.com,,17.155.206.240
,Marybelle,Tilzey,,,99.231.225.41
124,Carmita,,,Female,138.220.234.135
125,Berkley,Arundell,barundell3g@surveymonkey.com,Male,13.111.227.59
126,,,kyelding3h@ibm.com,Male,118.17.99.251
127,,Leere,bleere3i@liveinternet.ru,,
,,Barrick,,,165.97.91.40
,Kathe,Manger,kmanger3k@studiopress.com,,149.128.81.208
130,Jason,,jbarbara3l@answers.com,Male,157.42.237.110
131,Hillier,,,,212.131.87.138
132,Sukey,Mewes,smewes3n@opera.com,,239.76.5.226
,Hillery,Spellar,hspellar3o@washingtonpost.com,Male,222.224.232.83
,Orv,Mannion,omannion3p@simplemachines.org,Male,101.12.83.64
135,,,ppering3q@acquirethisname.com,Female,91.190.78.116
136,Jolee,Mellish,,,
137,,,dkeenleyside3s@pen.io,Male,69.227.164.199
138,Tate,,thanscomb3t@bizjournals.com,Female,71.181.102.117
,,Janway,,Male,255.82.157.254
140,,Saffle,,Male,
141,Camille,Wycherley,,,22.111.244.216
142,,Doulden,pdoulden3x@msu.edu,Female,92.21.60.50
,,,fjoselevitz3y@furl.net,Female,133.141.49.34
144,,Jachimak,jjachimak3z@phoca.cz,,178.41.240.48
145,Marrissa,Toner,mtoner40@chron.com,Female,91.97.104.113
146,Matty,,,Female,125.94.99.54
147,Nolie,McMechan,,Female,244.245.162.224
148,Jocelin,,,Female,
149,Pattin,McLeish,pmcleish44@free.fr,Male,143.245.66.87
,,Antonellini,dantonellini45@dailymail.co.uk,Female,125.170.127.134
,,Cleeve,,Female,128.212.130.40
152,,Chuter,kchuter47@liveinternet.ru,,215.160.232.56
153,Neille,Giacomo,ngiacomo48@imgur.com,,177.145.183.206
154,Ferdy,Stonelake,fstonelake49@discovery.com,,
155,Tobye,Barlow,tbarlow4a@techcrunch.com,Female,
,,,tandreix4b@slashdot.org,,10.53.89.164
157,Viviana,Veazey,,,
158,Hendrika,Alwell,halwell4d@macromedia.com,Female,157.225.17.51
,,Hurrion,,,221.211.118.140
160,,MacManus,jmacmanus4f@nature.com,Female,
161,,,smaingot4g@ibm.com,Male,53.15.80.89
162,,,chowden4h@thetimes.co.uk,Male,12.165.158.155
,Sheffield,,sgostick4i@barnesandnoble.com,Male,206.20.19.248
164,Cyndy,,cvonnassau4j@ameblo.jp,Female,135.178.190.244
,Alexandra,Lathee,,Female,60.109.53.93
166,Christy,Nazair,,,58.27.198.58
167,Ludvig,Langelaan,llangelaan4m@dedecms.com,Male,162.160.42.99
,Alejandrina,,,Female,
,,,aiannini4o@liveinternet.ru,,225.16.92.57
170,Kendrick,,kstorror4p@biglobe.ne.jp,,
171,Wilona,Giacovelli,wgiacovelli4q@npr.org,Female,235.63.144.36
172,,,tmellish4r@ycombinator.com,,169.222.221.170
173,,Tipler,jtipler4s@a8.net,Female,88.198.126.239
174,,Fenby,mfenby4t@npr.org,Male,178.14.106.181
175,Nilson,Armstrong,narmstrong4u@google.co.jp,,
176,Winna,Jeffels,wjeffels4v@mtv.com,Female,117.25.207.191
177,Lisetta,Filov,,,36.170.147.138
178,Emmye,Cianelli,,Female,56.81.152.79
179,,,kferrers4y@bbc.co.uk,Male,228.142.122.70
180,Lucky,,,Female,
181,Rodolph,,,Male,
182,Lefty,Street,lstreet51@cdbaby.com,,70.148.237.74
183,Urban,Vagg,uvagg52@noaa.gov,Male,237.88.255.34
184,Brittan,,,Female,92.113.150.180
185,Griswold,MacCulloch,gmacculloch54@yelp.com,,15.164.111.53
,Gabbey,Whitlam,gwhitlam55@com.com,Female,42.185.18.72
,,,,,128.103.81.221
,Rickey,,,Male,201.255.206.43
189,Devy,,djonczyk58@prweb.com,,74.159.39.241
,Marguerite,Clymer,mclymer59@gizmodo.com,Female,173.120.207.127
,,Blemen,tblemen5a@tripod.com,Male,63.199.147.202
192,Levin,Dowse,,,6.5.170.4
193,,Smallpeice,jsmallpeice5c@goo.gl,Male,44.215.172.22
,Almeria,,ameltetal5d@hud.gov,Female,112.240.205.239
195,Jillayne,,jmcclinton5e@mapquest.com,,
,Wyn,,wmackrill5f@usnews.com,,67.161.192.27
197,Whit,Linfield,wlinfield5g@newsvine.com,Male,
,Montgomery,McPhilip,,Male,243.173.106.198
,Ryley,Hitter,,Male,28.186.11.149
200,,,tlemmertz5j@shareasale.com,Female,39.122.179.32
201,Christin,Donwell,cdonwell5k@intel.com,Female,
202,Marieann,Garrod,,Female,
203,,Collymore,,Male,80.63.199.16
,Alberta,Durrett,,Female,32.190.205.53
,Valaree,,vcoveny5o@independent.co.uk,Female,250.106.77.28
206,Mattias,Gabbetis,mgabbetis5p@wikipedia.org,,95.29.231.17
207,Lin,,lyewdall5q@delicious.com,Female,139.245.137.204
208,Parrnell,Mora,pmora5r@hibu.com,Male,
,,,dmaslen5s@wp.com,Female,161.172.90.145
210,Korry,Vasilik,kvasilik5t@thetimes.co.uk,Female,4.63.20.34
211,Rosa,Christophersen,rchristophersen5u@blogtalkradio.com,,
,Bobbee,MacGaughy,bmacgaughy5v@zimbio.com,Female,109.149.11.173
213,Dwain,Boreham,dboreham5w@wired.com,Male,255.109.183.192
214,,,etollemache5x@mayoclinic.com,,125.186.52.215
215,,Trebilcock,ztrebilcock5y@google.co.jp,,
216,Freddi,,fdomegan5z@wsj.com,Female,
217,,,,Male,108.44.146.224
,,,wocannavan61@harvard.edu,Male,252.10.46.100
219,,Paulino,,Male,58.168.158.100
220,Benni,Hallihane,bhallihane63@unicef.org,,250.19.38.38
221,Sloane,Betjes,sbetjes64@blog.com,Male,36.190.19.229
222,Dre,Normanville,,,
,Bernardine,Graith,bgraith66@wordpress.org,,108.208.231.149
224,Halsy,Assard,hassard67@hostgator.com,Male,74.190.205.17
,Mayne,Dawks,mdawks68@msu.edu,Male,
226,Tallou,Scoles,,,
,,,wbunyan6a@mit.edu,,
228,,O'Henehan,,Male,
,Jeremie,Elderbrant,,Male,
230,,Shackle,cshackle6d@jigsy.com,Female,
231,,Teresia,zteresia6e@dion.ne.jp,Male,
232,Byrle,McNeigh,bmcneigh6f@discuz.net,Male,18.75.25.145
,Aigneis,,amckillop6g@archive.org,Female,
234,Lissy,McKeurton,,Female,182.153.11.56
235,Brennen,,,Male,118.136.10.44
236,,,hmcfaul6j@clickbank.net,,206.168.29.186
237,,,gdemare6k@google.es,Female,85.31.122.57
238,Rutledge,,,,253.188.240.10
,Ami,Rookeby,arookeby6m@myspace.com,,
240,Zackariah,Johnston,zjohnston6n@whitehouse.gov,Male,
241,Orelle,,ostonehouse6o@ca.gov,Female,105.41.111.173
242,Saw,,,Male,188.52.39.151
243,Danny,Wilder,dwilder6q@studiopress.com,Male,163.45.82.75
,,Molden,gmolden6r@surveymonkey.com,,172.13.228.78
245,Goldarina,Verney,gverney6s@springer.com,,71.37.173.198
,Aimil,Swadling,aswadling6t@barnesandnoble.com,,8.38.180.238
,Ferris,Goodhay,,Male,213.42.13.46
,Octavia,Comley,ocomley6v@mapquest.com,Female,68.91.226.46
249,Gerick,Capron,gcapron6w@youtu.be,Male,242.206.88.150
250,Bren,Moodie,bmoodie6x@businessinsider.com,Female,102.111.248.76
251,Stanislaw,Heeney,,Male,88.240.24.84
252,Georas,Lantry,,Male,139.216.182.218
253,Roddie,Baudacci,rbaudacci70@bbc.co.uk,Male,
,Gwyn,Vinas,gvinas71@privacy.gov.au,Female,
255,Jamie,Kilgannon,jkilgannon72@gnu.org,,154.194.120.45
,Lillis,Boyn,lboyn73@cam.ac.uk,Female,126.18.47.110
257,,Marrow,smarrow74@friendfeed.com,Female,235.19.153.146
,Marv,Pieroni,,,31.70.140.248
,Ambrosius,,akirman76@seesaa.net,Male,
260,Orv,,odugdale77@bbc.co.uk,Male,116.47.149.31
261,Robin,Sumsion,,Female,155.73.180.59
262,Aime,,aberthel79@nba.com,,139.154.85.126
263,Kalina,,,Female,
264,Portia,Cammish,pcammish7b@scientificamerican.com,,71.166.232.211
265,,Feaks,sfeaks7c@yahoo.co.jp,Male,238.234.208.135
,Chrysler,Corah,,Female,
267,,,omendes7e@homestead.com,Female,240.152.255.124
268,Ursala,Faldo,ufaldo7f@cnbc.com,,105.155.129.6
269,Rosaline,,rlivett7g@networkadvertising.org,,182.114.96.230
270,Rudiger,Lambot,rlambot7h@bandcamp.com,,18.108.59.90
271,Rosanna,,rtratton7i@webs.com,Female,140.121.177.73
272,Vail,,vridsdell7j@cloudflare.com,Male,
,Tamara,,tiuorio7k@google.com,Female,127.18.224.155
,,Shanley,,Female,
,,Formie,zformie7m@mozilla.org,Male,
,,Ferbrache,nferbrache7n@webs.com,,216.101.237.189
,Gerard,Dufour,gdufour7o@wix.com,Male,105.162.2.3
278,Emilio,Herreran,,,255.183.144.123
279,Garth,Attkins,,,91.192.112.142
,Leoline,Lubeck,llubeck7r@rambler.ru,,232.150.73.116
281,Robbyn,Ravilus,,Female,34.222.208.226
282,,,tsrawley7t@cmu.edu,Female,
283,Otto,Whitsey,owhitsey7u@marriott.com,Male,1.159.217.204
,Malynda,Doctor,,Female,55.102.108.254
285,Thorstein,Eskriett,teskriett7w@mysql.com,Male,42.175.92.40
286,Marci,,mfernandes7x@blogger.com,,101.112.214.52
287,,,mcorten7y@techcrunch.com,Female,
,Alisun,,afairlem7z@gnu.org,,44.22.148.0
289,,,,,15.215.144.74
290,,Clementel,aclementel81@wix.com,Male,83.65.148.194
291,,Van Hove,yvanhove82@taobao.com,Male,236.166.199.117
292,Rodge,Coarser,,Male,
293,Rianon,,ranthonsen84@ca.gov,,136.33.155.9
294,,,bwenzel85@google.co.uk,,226.73.230.194
,Carmelia,,cbayston86@craigslist.org,Female,22.159.246.190
,,Boyse,bboyse87@boston.com,Male,36.144.144.92
297,Corty,Halston,,Male,
298,,Blatchford,tblatchford89@instagram.com,,148.129.151.60
,Chloris,,cpoulden8a@tmall.com,Female,
300,,Stoneham,cstoneham8b@google.com.au,Male,89.222.180.177
301,Kevin,Ennion,kennion8c@amazon.co.jp,,112.117.110.197
302,,,tdellatorre8d@nyu.edu,Male,45.131.205.66
,Morissa,Stone Fewings,mstonefewings8e@squarespace.com,,152.8.236.243
,,Bembrick,,,
305,Camey,Bellworthy,cbellworthy8g@businessinsider.com,Male,129.91.153.159
306,,Kinkead,tkinkead8h@mozilla.com,Female,61.8.89.233
307,,Meadowcraft,rmeadowcraft8i@abc.net.au,Male,126.229.247.14
,Hughie,Sanders,hsanders8j@patch.com,Male,4.124.91.249
309,,Teggart,wteggart8k@nih.gov,Female,41.2.157.231
,Robin,O'Donnelly,rodonnelly8l@de.vu,,191.146.41.252
,Kalina,Cosstick,,,174.64.112.90
312,,Feehily,tfeehily8n@dyndns.org,Male,138.191.157.91
313,Vinnie,Happs,,Male,102.138.206.219
,,Guillet,mguillet8p@wikia.com,Female,110.51.12.68
,Margi,Arro,marro8q@google.com.br,Female,81.97.70.96
316,Euell,,,Male,54.141.75.245
,Francoise,Balassi,fbalassi8s@mediafire.com,Female,
318,Karmen,,kwilkes8t@narod.ru,Female,23.83.211.84
319,,,tmirfin8u@macromedia.com,Male,69.237.248.99
320,Frans,,fmccullock8v@desdev.cn,Male,
321,,Minthorpe,,Male,52.24.106.82
322,Blanche,O'Doohaine,bodoohaine8x@yahoo.com,Female,
323,Rosaleen,Gibberd,,Female,245.188.205.150
324,,,aacey8z@flavors.me,Female,
325,Grayce,Siman,gsiman90@alibaba.com,,112.233.191.221
326,,Pybus,,Female,142.18.174.72
327,Hillie,,hchinnick92@jiathis.com,Male,200.245.167.62
328,,Wildes,lwildes93@lycos.com,Male,
329,Ethelyn,Addicote,eaddicote94@youtube.com,Female,173.115.165.21
330,Karlotte,Van der Kruijs,kvanderkruijs95@reference.com,Female,111.192.0.46
,,Lambourn,alambourn96@last.fm,Female,
,,,,Female,31.21.106.198
,Miltie,,mchesney98@alibaba.com,Male,204.87.66.76
,Edie,Mathey,,Female,244.254.184.38
335,Eliot,,,Male,154.1.82.10
336,Homere,,,Male,119.18.38.223
,Babara,Thurnham,bthurnham9c@blinklist.com,Female,
,,Neaverson,aneaverson9d@washingtonpost.com,Female,159.75.16.166
339,Kristi,,kmckendry9e@weebly.com,Female,
340,Gamaliel,McNaught,gmcnaught9f@abc.net.au,,165.191.11.49
,Hettie,Ciraldo,,,14.51.216.99
342,Nixie,Hehir,nhehir9h@mediafire.com,Female,
343,Lorry,Knowler,lknowler9i@technorati.com,Male,
344,Rene,,,Male,181.132.123.129
345,,Keller,nkeller9k@salon.com,Female,253.137.198.208
,Loren,,,Female,155.231.198.137
,,Titmuss,atitmuss9m@ucoz.com,Male,73.45.196.108
348,Guthrey,Draper,,Male,67.18.51.245
349,Karlotte,,kpoter9o@123-reg.co.uk,Female,142.202.168.75
,Brantley,Spileman,bspileman9p@plala.or.jp,,59.98.101.39
351,Grantley,Laycock,glaycock9q@cam.ac.uk,Male,182.128.133.210
,,Banfill,,Female,
,,Claussen,gclaussen9s@yandex.ru,Female,77.149.200.91
,,,glangwade9t@jigsy.com,Male,33.74.219.231
355,Anica,,,Female,24.232.251.229
,,Richt,sricht9v@miitbeian.gov.cn,Female,37.171.217.27
,Fara,,ffirth9w@newsvine.com,Female,
,Tara,,tabbay9x@i2i.jp,Female,155.23.150.183
359,,Rydeard,hrydeard9y@w3.org,Female,181.188.212.29
,Laurene,Fishpoole,lfishpoole9z@nih.gov,Female,163.4.102.54
,Wiley,,wjaspera0@aol.com,,202.101.47.6
362,Marni,Restill,mrestilla1@shop-pro.jp,Female,
363,Ariel,,adonawaya2@alibaba.com,Male,216.2.81.116
364,,Aisthorpe,,,98.220.229.74
365,Chery,Judkin,cjudkina4@jigsy.com,Female,
,Consuelo,Key,,Female,138.130.48.151
367,Saxe,Littleton,,Male,18.54.191.205
,Vannie,Zamboniari,vzamboniaria7@constantcontact.com,Female,27.128.238.195
369,,MacKeague,rmackeaguea8@feedburner.com,Female,163.121.64.102
370,Elsey,Ewings,,Female,
371,Harrie,Vogeler,hvogeleraa@berkeley.edu,Female,
372,,,dprobatab@seesaa.net,Female,39.60.180.183
373,Mitch,,mchivertonac@miitbeian.gov.cn,Male,112.134.60.12
374,Estel,Mackro,emackroad@jimdo.com,,119.146.144.7
,Regine,,rscotlandae@arstechnica.com,,227.210.15.11
376,,Bennallck,bbennallckaf@tumblr.com,,
377,Brantley,Joicey,bjoiceyag@army.mil,Male,43.70.61.170
,Shadow,Runsey,,Male,33.144.171.2
379,Merle,Jaray,mjarayai@dedecms.com,Female,
380,Abby,,ahayseyaj@rediff.com,Male,129.96.141.169
381,Bernie,,bmarkussenak@umn.edu,Male,254.213.91.93
,Dexter,Hamlet,dhamletal@hhs.gov,Male,
383,Lyn,Dawidowicz,,Female,42.153.57.74
384,Jeno,Beddon,jbeddonan@usa.gov,Male,122.24.170.152
,Darcee,Menpes,dmenpesao@com.com,Female,150.192.215.62
,Cyndie,,cghioniap@indiatimes.com,Female,230.213.132.6
387,Lynnelle,,,Female,
,Tomkin,Wastell,twastellar@amazon.co.jp,Male,
,Locke,Boolsen,lboolsenas@paginegialle.it,Male,117.173.240.193
390,Netta,MacLaughlin,nmaclaughlinat@tripadvisor.com,,208.195.110.194
391,,Peckett,lpeckettau@cornell.edu,Female,252.239.9.96
392,Maddalena,Crennan,mcrennanav@over-blog.com,Female,
,Dill,Dellenbroker,ddellenbrokeraw@vkontakte.ru,Male,
394,Marcelo,Merkle,mmerkleax@aol.com,Male,89.114.245.211
395,Drew,Daffern,ddaffernay@walmart.com,,81.200.167.183
,Fredric,Webborn,fwebbornaz@amazon.co.jp,Male,81.70.23.14
397,Maxie,Mc Gaughey,mmcgaugheyb0@examiner.com,Female,218.176.216.242
398,Roze,,rleyninyeb1@bbc.co.uk,Female,199.154.3.51
399,Edwin,Kernes,ekernesb2@vimeo.com,Male,196.91.255.222
400,,Ricci,,Male,53.175.121.51
401,,Yude,ayudeb4@ca.gov,Female,
402,Pierre,Piatto,ppiattob5@baidu.com,Male,195.224.206.241
403,Reynolds,,rrankinb6@cnbc.com,Male,211.234.206.165
404,Halsey,,halbertb7@theguardian.com,,17.19.198.153
,Moria,Phipson,mphipsonb8@cargocollective.com,,209.136.36.249
406,Alex,Mumm,amummb9@networksolutions.com,Male,
407,,,dbaglinba@state.gov,,231.92.147.20
408,Johnny,Birks,,,
,,Rittelmeyer,zrittelmeyerbc@toplist.cz,Female,203.187.12.154
,,O'Connel,uoconnelbd@webmd.com,Female,241.9.24.81
411,Chicky,Turpin,cturpinbe@abc.net.au,Male,103.21.20.41
412,,Grimster,dgrimsterbf@kickstarter.com,Female,13.116.76.229
413,Emeline,Roebottom,eroebottombg@tiny.cc,Female,80.180.191.58
414,,,cdeighanbh@cdc.gov,,
415,Hedy,Mordacai,hmordacaibi@salon.com,Female,43.111.82.250
,Archibold,,,Male,76.121.47.184
417,Karlyn,Ascough,,,
418,,Andreu,,Female,77.27.121.137
419,Verile,,vcortonbm@blogspot.com,Female,71.112.244.206
420,,,kcollarbn@apache.org,Female,128.49.243.226
,Ernestus,Cerro,,Male,90.8.102.23
422,,,,Male,88.104.204.156
423,,O' Meara,,Female,
,Guinna,Osipov,gosipovbr@4shared.com,,
425,Judi,Enright,jenrightbs@microsoft.com,Female,73.148.19.89
426,Peter,Heggadon,pheggadonbt@last.fm,,4.112.64.27
427,Brocky,,baberdeenbu@yellowpages.com,Male,
428,Clywd,Windrum,cwindrumbv@upenn.edu,,244.179.211.248
429,Jeanette,Gateshill,,Female,
430,Talyah,,,,149.28.171.93
431,Malorie,Varley,,Female,60.126.25.5
,Lem,,lcutchiebz@barnesandnoble.com,Male,145.93.160.67
433,Frankie,,fsloleyc0@xrea.com,,99.159.151.250
,Ronalda,Isles,rislesc1@theglobeandmail.com,,
435,,Ettery,,,173.15.96.184
436,Richie,,,Male,
437,Rochella,Filshin,,Female,115.73.227.159
438,Dierdre,,dcrucittic5@wix.com,Female,
,Joni,Leverentz,jleverentzc6@miibeian.gov.cn,,185.132.248.208
,,Langthorne,slangthornec7@google.com,,
441,Denney,Crosland,dcroslandc8@hc360.com,Male,143.244.103.46
,,,igashc9@nsw.gov.au,,17.227.127.81
443,Gabe,Bowley,gbowleyca@arstechnica.com,Male,139.218.138.227
444,Nicko,,nhalewoodcb@acquirethisname.com,Male,
,,Klimpke,nklimpkecc@cisco.com,Male,215.201.153.46
446,Ailey,Kleinstern,akleinsterncd@mashable.com,,165.192.199.196
447,Lionel,,,Male,105.112.194.84
448,Mervin,,,Male,200.86.250.106
,Nico,,ncochcg@discuz.net,,232.141.167.61
,Bonita,McAvinchey,bmcavincheych@angelfire.com,,
451,Aloise,,,Female,180.83.9.137
,,Roberts,frobertscj@state.tx.us,Female,31.98.152.213
,,,,Female,36.162.147.184
,Lew,Santorini,lsantorinicl@cam.ac.uk,Male,245.63.79.142
455,,,dtwohigcm@mayoclinic.com,Female,114.130.12.132
456,Sadye,Jentzsch,,,171.13.47.12
,Gard,Tregoning,gtregoningco@privacy.gov.au,Male,232.216.229.239
458,,Brattan,dbrattancp@state.gov,Female,125.120.243.179
,Hendrik,Calcott,hcalcottcq@marriott.com,Male,18.67.204.174
460,,,,Female,151.163.201.134
,Horatio,Baxter,,Male,75.246.173.78
462,,,fozintsevct@theatlantic.com,,71.149.45.132
463,,Leggatt,,Female,200.119.0.167
464,Son,,sstrottoncv@51.la,,32.47.231.67
465,,Scargle,vscarglecw@parallels.com,,
466,,Dymoke,rdymokecx@cnet.com,,201.217.32.29
467,Angil,Mynett,amynettcy@posterous.com,Female,
468,Julianne,Teresa,jteresacz@biblegateway.com,Female,23.205.166.61
469,,,,Male,44.38.234.80
470,Roland,Woodings,rwoodingsd1@examiner.com,Male,
471,Zacharie,Baudry,zbaudryd2@guardian.co.uk,Male,135.19.6.207
472,Gretchen,Boyd,gboydd3@privacy.gov.au,,129.206.101.181
,,,bberzond4@miibeian.gov.cn,Male,58.236.37.120
474,Bondon,Posselwhite,bposselwhited5@bloglines.com,Male,103.209.43.165
475,,,abennettod6@unesco.org,,
476,,Da Costa,mdacostad7@europa.eu,,3.35.29.88
477,,,ylewishamd8@youtube.com,Female,187.203.153.146
478,,,srainerd9@macromedia.com,,129.34.135.202
,,Gopsall,sgopsallda@wordpress.org,Male,
,Corly,Wreakes,cwreakesdb@edublogs.org,,173.144.60.149
,Bastian,Finnigan,,Male,199.245.237.228
482,,Ruusa,druusadd@rediff.com,,
,Eberhard,Rudloff,erudloffde@woothemes.com,,213.58.171.226
484,,,alymandf@delicious.com,Female,219.14.25.55
485,Marylinda,Savery,msaverydg@squarespace.com,,
486,,Toll,,Female,30.161.129.116
,,Billo,,Female,184.246.5.244
,Julie,,,,179.114.149.3
,Chrissie,Mantha,cmanthadk@printfriendly.com,Female,
490,Ferguson,Baughan,fbaughandl@ted.com,Male,124.251.162.15
491,,Bamell,fbamelldm@smh.com.au,Female,105.49.204.181
,,Bucham,nbuchamdn@chron.com,,
493,Caspar,Greg,cgregdo@hostgator.com,Male,156.17.46.14
494,Skell,Cosham,,Male,47.234.95.43
495,Mischa,,mdobsonsdq@unc.edu,Male,204.27.194.225
496,Shari,,sburnepdr@rakuten.co.jp,Female,
497,Kendra,Rawlence,krawlenceds@bing.com,Female,162.234.227.193
498,May,Townley,mtownleydt@stumbleupon.com,,58.246.192.76
,Trefor,Belham,,Male,162.205.220.208
500,Joannes,,jantonikovdv@1688.com,,98.37.86.126
,Chaddie,Leebeter,cleebeterdw@oaic.gov.au,Male,224.125.244.190
502,Anthony,Moreno,amorenodx@icio.us,Male,
503,Marv,Oertzen,moertzendy@privacy.gov.au,Male,160.179.119.146
,Guthrie,Kupker,gkupkerdz@trellian.com,Male,
505,Lonny,,lmetterickee0@domainmarket.com,,249.35.212.245
506,Gregorius,Gladstone,ggladstonee1@google.ca,Male,63.103.62.206
507,Ida,Jewers,ijewerse2@yolasite.com,,
508,Dina,Coverlyn,dcoverlyne3@bravesites.com,,227.110.250.137
509,,Aherne,dahernee4@foxnews.com,Male,108.22.35.200
510,,Bart,,Male,181.224.110.253
511,,,rrandse6@home.pl,Female,117.80.145.77
,,,tbernardeze7@purevolume.com,Female,44.128.81.26
,,Egarr,kegarre8@indiegogo.com,,
514,,Demougeot,rdemougeote9@tmall.com,,
515,Dorette,,dgrimwoodea@nifty.com,Female,32.205.215.222
,Karrie,,kgarrisheb@si.edu,Female,
517,Olag,,,,
,Frannie,,fnottinghamed@ftc.gov,Male,134.120.171.36
,Leta,Jiricka,ljirickaee@bravesites.com,,183.175.87.142
,,Heibl,nheiblef@sogou.com,Male,80.177.63.137
521,,Hasell,ghaselleg@ameblo.jp,Male,32.251.23.140
522,,Wagen,twageneh@51.la,,
523,Julie,Manlow,,,
,,Keveren,ikeverenej@google.ru,Female,238.249.70.77
,Dagny,Willacot,dwillacotek@wiley.com,Male,
526,Olympia,Brine,obrineel@paginegialle.it,,155.46.173.170
527,Romola,,rpeealessem@princeton.edu,,126.91.239.32
,,,mpickworthen@sitemeter.com,Female,
,,Larking,wlarkingeo@oaic.gov.au,Female,52.27.158.126
,Riobard,Leal,,Male,95.180.55.88
531,Geoff,Coudray,gcoudrayeq@uiuc.edu,,
532,Loren,Cuttell,lcutteller@ow.ly,,212.250.177.142
,Christie,,,Male,125.140.127.240
,Florian,,fmundfordet@github.com,Male,173.139.187.118
535,Bryana,Fluck,bfluckeu@dailymotion.com,Female,169.44.192.127
536,Susy,Stiegars,,Female,167.2.21.160
537,Filip,Moring,fmoringew@linkedin.com,Male,41.118.3.187
538,,Winfindine,,Male,244.73.227.225
539,,Fanning,,Male,78.173.166.177
540,,Vezey,bvezeyez@sphinn.com,Female,154.167.170.198
,Marla,Binnes,mbinnesf0@tamu.edu,Female,196.219.231.31
,Philis,Adamou,padamouf1@bigcartel.com,Female,
543,Bamby,,bsherwenf2@imageshack.us,,
544,Alaine,Brookfield,abrookfieldf3@va.gov,Female,1.34.56.3
545,Mitch,Esbrook,mesbrookf4@wp.com,,193.44.27.149
546,Tobie,Gino,tginof5@gov.uk,,150.49.187.235
547,,Fowell,zfowellf6@sfgate.com,Female,168.98.164.68
548,,,esharvillef7@slideshare.net,Male,1.142.245.187
549,Skipper,Calbrathe,scalbrathef8@jigsy.com,Male,45.2.133.164
550,Jeannie,Anney,,Female,210.43.156.114
551,Annette,,alansdownfa@homestead.com,Female,128.83.16.219
552,,Sommerlie,msommerliefb@gizmodo.com,Male,65.106.220.217
553,Kory,,kmcreidyfc@slate.com,Male,72.107.215.123
,Jackquelin,Grumble,jgrumblefd@last.fm,Female,
555,,,hthaxtonfe@mediafire.com,Female,206.14.57.120
556,,Gilhouley,,Male,219.105.145.95
557,Malanie,Puleque,,Female,98.75.237.138
558,,,sjohnssonfh@mediafire.com,Male,72.157.62.192
,Cris,Reap,creapfi@1688.com,Female,
560,Peder,Rozet,,Male,58.65.90.247
561,,Dragonette,sdragonettefk@storify.com,Male,
,,Stanwix,,Male,23.206.23.133
563,,,,,179.8.198.27
564,Darb,Mongin,dmonginfn@over-blog.com,Female,189.167.129.166
565,Webster,Rattry,wrattryfo@cocolog-nifty.com,,193.131.208.59
566,Ileane,Lehenmann,,Female,141.205.149.199
,Donnamarie,Beverley,dbeverleyfq@wikipedia.org,Female,194.159.74.240
,Cindee,,cpaddyfr@google.cn,Female,
569,Francesca,Paynes,fpaynesfs@unesco.org,,109.114.216.188
570,Ignacio,,,Male,98.200.100.15
571,Melinda,Hundley,mhundleyfu@ftc.gov,,5.25.248.243
,Jereme,Sailer,jsailerfv@linkedin.com,Male,203.85.187.80
573,,Itzhak,zitzhakfw@goo.gl,Female,32.111.83.90
574,Magdalen,,mpawlickfx@blog.com,,83.66.5.160
575,Eba,Thomtson,ethomtsonfy@nbcnews.com,Female,
576,Alfonso,Bruck,abruckfz@bloomberg.com,Male,
577,Chaddy,,cfarnishg0@state.tx.us,Male,
578,Darin,Reynolds,,Male,162.83.203.218
579,,de Zamora,cdezamorag2@infoseek.co.jp,,72.82.143.162
580,Barbe,Manville,bmanvilleg3@bravesites.com,Female,223.150.155.93
581,Araldo,,,Male,151.133.212.148
,Cynthia,Kamall,,,156.220.132.71
,,Hegarty,,,38.28.104.217
584,Maisie,,,Female,176.247.102.143
585,Job,Lethbury,jlethburyg8@tuttocitta.it,,67.199.68.108
,Paquito,,pcushiong9@state.tx.us,Male,
,Raoul,Ordidge,rordidgega@statcounter.com,,101.109.34.7
,Belia,Kneaphsey,bkneaphseygb@amazon.com,,174.138.1.166
,Delmore,,dmingardigc@weibo.com,Male,94.94.56.52
590,Avrit,Kinvan,,,57.178.10.187
591,,,boldredge@go.com,,132.222.196.206
,Pollyanna,Trousdell,ptrousdellgf@utexas.edu,Female,201.56.91.93
593,,Jeandillou,mjeandillougg@gizmodo.com,Female,43.199.203.95
,Greta,,gbrandaccigh@va.gov,Female,91.76.243.23
595,Jereme,Giercke,,,113.112.40.91
596,,,kbiaggettigj@shinystat.com,Female,184.132.234.73
597,Corine,Edmott,cedmottgk@netvibes.com,Female,
598,Dorita,Cupper,dcuppergl@mit.edu,,75.1.154.108
599,,Gorusso,tgorussogm@sciencedaily.com,,233.44.175.123
,Sammy,Overthrow,soverthrowgn@theglobeandmail.com,,138.86.145.60
601,,,epizziego@facebook.com,,211.178.150.217
,,,mgabergp@networksolutions.com,Female,95.175.112.73
603,Ella,Chinnock,echinnockgq@go.com,Female,
,,Seekings,iseekingsgr@blogspot.com,,
605,Nickie,Asquith,nasquithgs@gov.uk,Male,189.193.243.228
606,,MattiCCI,hmatticcigt@geocities.jp,Female,
607,,Rosendall,trosendallgu@hugedomains.com,,173.11.150.59
,,Applegarth,bapplegarthgv@cbsnews.com,Male,41.141.73.36
,Tyrus,Tunuy,ttunuygw@nature.com,Male,147.122.249.104
610,Anallise,Jaqueminet,ajaqueminetgx@sun.com,,
611,,Puffett,epuffettgy@dagondesign.com,,
612,,McGrill,,,180.123.3.124
613,Madella,,mtenderh0@virginia.edu,Female,
614,Rurik,Collecott,rcollecotth1@desdev.cn,,163.156.40.50
615,,,hreynoldsonh2@virginia.edu,Male,233.215.128.29
,Marin,Dunnion,mdunnionh3@etsy.com,Female,86.218.242.213
617,Korrie,Carverhill,kcarverhillh4@latimes.com,Female,
618,,Backshill,abackshillh5@answers.com,Female,133.12.57.126
619,,,ckillinerh6@1688.com,Male,
620,,McCullagh,kmccullaghh7@redcross.org,Female,118.71.46.166
621,Tanhya,,tewenh8@goodreads.com,Female,
622,Doralynn,Padwick,dpadwickh9@g.co,Female,
623,,,rbullmanha@cnbc.com,Male,212.124.143.252
624,Beatrix,,,Female,160.136.100.170
625,Cynde,Tomasicchio,ctomasicchiohc@joomla.org,,152.193.244.159
,Rycca,Barby,rbarbyhd@alexa.com,Female,3.189.196.255
,,,wsallierehe@exblog.jp,Female,
628,Hermia,,,Female,142.129.111.115
,Cathryn,,,,96.193.203.45
630,,Van Velde,cvanveldehh@ebay.com,,242.184.118.45
631,Walker,,wsparehi@alibaba.com,Male,250.197.73.182
632,,,fwhimphj@w3.org,Female,23.148.177.84
,,Penketh,ppenkethhk@phpbb.com,,87.202.194.113
634,Jasen,,jsweedlandhl@canalblog.com,Male,117.248.104.237
,Rudie,,rlurrimanhm@phoca.cz,,233.103.214.116
,Margy,Fouracres,mfouracreshn@cbsnews.com,Female,47.217.214.216
637,Arnie,McUre,,Male,
638,,Trevaskiss,ctrevaskisshp@bloomberg.com,Female,
639,Papagena,Domleo,pdomleohq@cpanel.net,,
,Kermie,Rodda,,Male,
641,Tremaine,,tpuzeyhs@friendfeed.com,Male,137.72.69.27
642,Adelheid,Rivelin,arivelinht@java.com,Female,88.16.1.0
643,Mab,Rocks,mrockshu@yellowbook.com,,
644,Camala,,ckalinskyhv@yellowbook.com,,172.164.126.161
,,Boome,,,131.229.183.117
646,Bobbi,Prendeville,bprendevillehx@cnbc.com,Female,
647,Arlyn,Philipart,,Female,211.150.20.66
,,Peat,apeathz@clickbank.net,Female,82.2.176.83
649,Thoma,Augar,taugari0@studiopress.com,Male,181.206.175.192
,Chrysa,Priddey,cpriddeyi1@huffingtonpost.com,Female,
651,Vernice,,vavrahamoffi2@bandcamp.com,Female,
652,,Pucker,spuckeri3@github.com,Male,92.250.112.132
653,Porty,,privalandi4@sciencedaily.com,Male,155.5.176.47
654,,Searston,osearstoni5@scientificamerican.com,Female,81.21.153.191
655,Reamonn,,rferni6@imdb.com,,71.137.240.152
656,Cleavland,Whitemarsh,cwhitemarshi7@va.gov,,74.219.27.16
657,Ida,,,,176.110.24.133
,,Edgehill,,Female,20.167.37.178
,Mufinella,Cullimore,mcullimoreia@tiny.cc,Female,173.222.72.6
660,Gabriell,Spelman,gspelmanib@usda.gov,,166.212.20.8
,Jana,Cristofano,jcristofanoic@stanford.edu,,161.182.75.210
,Creigh,,cblodgid@japanpost.jp,,254.94.178.139
663,Basia,Lermit,blermitie@washington.edu,,48.213.148.185
664,,Buesden,,Male,213.3.86.82
665,,,tdavidowig@clickbank.net,Male,
,Barny,,brositaih@thetimes.co.uk,Male,255.52.117.171
667,,,,Female,190.178.113.127
668,Quent,Ibbetson,qibbetsonij@photobucket.com,,147.181.220.219
,,Kramer,,,
670,Jehu,Sola,jsolail@irs.gov,,49.136.26.153
,Robinetta,Arman,,Female,131.189.170.59
672,Rabi,Rookledge,rrookledgein@google.com.br,,185.40.204.169
673,Kleon,Glaves,,,
,Liza,,,,
675,Freda,,fpoloniq@ow.ly,Female,216.129.90.65
676,Urbano,Rathmell,urathmellir@gmpg.org,Male,119.255.24.202
677,,Mathias,gmathiasis@va.gov,Female,218.10.221.12
678,,Fallow,nfallowit@cyberchimps.com,Female,209.209.173.232
679,Garik,Megarrell,,Male,
680,Wiley,Hatliff,whatliffiv@archive.org,,96.136.252.226
681,Mead,Autie,mautieiw@cisco.com,Male,245.188.217.231
,Riki,,,Female,166.114.109.158
683,Barclay,Brickdale,bbrickdaleiy@admin.ch,Male,49.33.180.113
684,Winfred,Edds,weddsiz@ocn.ne.jp,,6.67.104.113
685,Jerri,Worling,,Male,91.159.53.118
686,Arielle,Fransseni,afranssenij1@cnn.com,Female,19.101.47.114
687,Martino,,,Male,165.207.130.125
688,Melly,,mnuddej3@google.ru,Female,132.203.242.110
689,Abramo,Fronsek,afronsekj4@columbia.edu,Male,38.123.56.190
690,Flossy,Poge,fpogej5@wordpress.com,,67.96.64.22
,Stan,Pirrie,spirriej6@sakura.ne.jp,,27.187.125.1
,,Weepers,jweepersj7@studiopress.com,,167.122.159.233
693,Constanta,,cioselevichj8@moonfruit.com,Female,23.25.77.237
694,Ruthi,Blinckhorne,,,196.63.67.139
695,De,Staynes,dstaynesja@ehow.com,Female,200.71.14.151
696,Yetty,Kester,ykesterjb@privacy.gov.au,,232.226.1.176
697,Kirby,Laughlin,klaughlinjc@reference.com,Female,40.128.127.232
698,,Wilber,awilberjd@prnewswire.com,,193.19.225.4
699,Tedd,,,Male,223.243.49.218
,Selena,Pedlow,spedlowjf@imgur.com,Female,14.69.19.175
701,Alan,Craster,acrasterjg@psu.edu,,
,,,bonionsjh@multiply.com,Male,233.158.199.213
703,,,nwoollardji@google.ca,Male,215.73.46.4
,Mathias,Marciek,mmarciekjj@aboutads.info,Male,219.126.171.133
705,Vanda,Penticost,,Female,253.21.73.122
706,Hi,Manuaud,hmanuaudjl@merriam-webster.com,Male,133.200.70.243
707,Merola,,msammutjm@biglobe.ne.jp,Female,
708,Reider,Grishankov,rgrishankovjn@skyrock.com,Male,61.154.131.56
,,Nozzolii,,Male,
710,Morgana,Sammut,,,38.225.93.105
711,,Hebble,phebblejq@cloudflare.com,,
712,Francois,Rennolds,,Male,190.209.61.221
,,,sdrewjs@tiny.cc,,
714,,,rkildalejt@123-reg.co.uk,Male,
,Karen,Ashurst,kashurstju@taobao.com,Female,131.251.164.60
716,Babette,Clist,,Female,42.105.146.201
717,Davy,Primak,,Male,
,Robina,Gehricke,rgehrickejx@about.me,Female,81.2.235.220
,Annetta,,aextonjy@xinhuanet.com,Female,145.242.132.216
720,Pail,O'Doherty,podohertyjz@gov.uk,,
721,Adrea,Nevet,,Female,8.209.32.237
722,Stoddard,Pingston,,Female,
723,,Faulkner,kfaulknerk2@sourceforge.net,Female,116.224.153.81
724,Tirrell,Leiden,tleidenk3@deviantart.com,Male,231.229.107.104
725,,,msalergk4@cdc.gov,Female,103.49.182.128
,,,,Male,150.245.147.182
,Bride,Croasdale,bcroasdalek6@ameblo.jp,Female,50.148.108.249
,,,,Female,
729,Kelly,,,Female,72.53.224.92
,Quint,Kuhlmey,qkuhlmeyk9@unicef.org,,75.230.199.147
731,Loraine,Benet,lbenetka@squidoo.com,Female,149.63.22.54
732,Lisette,,,Female,
,,Corcoran,rcorcorankc@ask.com,,
,Selig,Giercke,,Male,36.207.46.35
735,Clare,,ccranhamke@nifty.com,Female,131.132.87.138
736,,Prigg,mpriggkf@nydailynews.com,Female,8.202.77.215
,,Drakeford,ndrakefordkg@de.vu,,
,Rodge,Tilio,rtiliokh@nifty.com,Male,118.211.202.82
,Noah,Twamley,ntwamleyki@barnesandnoble.com,Male,91.28.90.105
740,Willow,,,Female,35.138.22.138
741,,,,Female,204.96.140.108
742,Uriel,,udiniscokl@usa.gov,Male,176.201.68.144
743,Nicolea,Hymans,,,132.248.105.160
744,Silvanus,,,,32.61.28.247
745,,Dible,mdibleko@cnbc.com,Male,109.114.93.169
,Cary,,,,216.224.149.220
747,Sybil,,sderycotkq@barnesandnoble.com,Female,98.175.205.161
748,Gillan,Demanche,,Female,
749,Ingrid,Marzellano,,,143.98.58.55
750,Huntington,Holby,,,28.173.91.26
751,,Gaine of England,,,
,Kele,,kdecentkv@photobucket.com,Male,
,,Franca,,Male,216.223.42.214
754,,Thebe,athebekx@hexun.com,Male,3.23.106.87
755,Shelley,Carillo,scarilloky@hostgator.com,Male,130.142.130.141
756,Ninnetta,,nshrubsallkz@hc360.com,Female,
757,Justinian,Hehl,jhehll0@about.me,Male,65.16.204.253
758,,,hfrankcoml1@comcast.net,,72.232.121.209
,Worthington,Crollman,wcrollmanl2@quantcast.com,Male,217.29.116.251
760,,Feasby,afeasbyl3@lulu.com,,
761,Bax,MacGahey,bmacgaheyl4@ning.com,Male,81.46.151.18
762,Filippa,,fpumphreyl5@dedecms.com,Female,144.230.119.180
763,Hestia,,hsongerl6@nationalgeographic.com,,4.8.45.165
,Dilly,,,Male,184.28.246.100
,Burgess,Yoodall,byoodalll8@yale.edu,,
,Donaugh,Pickerin,,Male,
767,Camile,,cdanceyla@ft.com,,
768,Ulberto,,ujouninglb@cpanel.net,Male,100.55.164.37
769,Adan,,apidonlc@disqus.com,,190.22.85.53
770,,Hamsher,jhamsherld@walmart.com,,245.221.75.50
,Darya,O'Hoey,dohoeyle@csmonitor.com,Female,
,Gretal,,,,105.44.169.204
,Arel,Spottswood,aspottswoodlg@bbc.co.uk,Male,
,,,lwaylh@icio.us,,228.158.22.243
775,Tudor,Potzold,,Male,220.205.247.136
,Aile,Seares,aseareslj@wikipedia.org,Female,231.128.200.195
777,,Neumann,sneumannlk@cdc.gov,,17.163.212.113
778,Meriel,Driuzzi,mdriuzzill@prlog.org,,122.160.143.210
,Damita,Macvain,,,219.232.82.104
780,Cosimo,McGeagh,cmcgeaghln@myspace.com,Male,42.4.108.166
,Caty,,cbettelo@angelfire.com,,171.42.29.166
782,Connor,Edmands,cedmandslp@slate.com,,26.196.39.155
783,Ruy,,rbavidgelq@networksolutions.com,Male,107.91.88.225
784,Gayel,,gneasamlr@mapquest.com,,
785,Basile,Ellaman,bellamanls@cpanel.net,Male,168.42.206.189
786,,Hadley,chadleylt@lycos.com,Male,
,Udale,Titmarsh,utitmarshlu@ycombinator.com,Male,150.137.255.144
788,Shepard,Finlow,sfinlowlv@parallels.com,Male,118.90.24.181
789,Bill,Drysdall,,,4.204.233.161
790,,Garrow,,Male,11.110.166.62
791,Dorita,Slingsby,dslingsbyly@netvibes.com,,4.0.199.246
,,Maybury,,Female,7.218.222.170
793,,,aroscampsm0@joomla.org,,
794,,Cannan,,Female,64.63.176.146
795,Christoper,Delagnes,cdelagnesm2@slate.com,Male,151.127.191.255
796,Drugi,Gonnel,,,164.109.76.94
797,,Padell,,Female,138.192.139.180
798,,Dudman,,Female,
799,,Loughman,rloughmanm6@house.gov,Female,137.8.194.12
800,Aveline,,afaheym7@facebook.com,Female,54.194.147.86
,North,Abrami,nabramim8@latimes.com,,96.243.19.144
802,,Grigorescu,lgrigorescum9@shutterfly.com,Male,195.252.108.252
803,Jolee,Frew,jfrewma@discovery.com,,81.177.91.180
,Morgan,Loosley,,Male,84.27.54.61
805,Charmaine,,cokeymc@usgs.gov,,110.50.111.16
806,,Von Gladbach,gvongladbachmd@hud.gov,Male,135.165.49.245
807,Ardelle,Scamal,ascamalme@huffingtonpost.com,Female,1.113.51.19
808,Woody,,,Male,16.134.29.81
809,,Steinson,,Female,149.152.124.229
,Hunter,MacGovern,hmacgovernmh@paginegialle.it,Male,3.250.153.185
811,Leland,Battany,lbattanymi@lulu.com,Male,78.206.38.209
,Chantalle,Issitt,cissittmj@reference.com,Female,
813,,Doggart,gdoggartmk@independent.co.uk,,238.193.105.5
,Fenelia,Cammis,fcammisml@amazon.de,Female,94.52.178.170
815,Manfred,Glentworth,mglentworthmm@kickstarter.com,Male,183.76.205.227
,,Mundford,,Female,233.217.119.213
817,,Kinset,,,142.236.166.47
818,Garrek,Oehm,goehmmp@drupal.org,,77.200.117.170
819,Fraze,Frow,ffrowmq@infoseek.co.jp,Male,172.228.139.104
820,Wilhelm,Machent,wmachentmr@blogspot.com,,
,,,,Female,165.239.131.251
822,Barbi,Boullen,bboullenmt@biblegateway.com,Female,
823,,Meininking,,Male,22.186.48.34
824,Lammond,Kettlestringes,lkettlestringesmv@uiuc.edu,Male,71.112.97.62
825,,Moss,mmossmw@prnewswire.com,Female,18.88.79.47
826,,Fassam,rfassammx@amazon.de,Female,98.149.59.122
827,Mia,,,Female,162.65.24.105
828,Ellary,Plackstone,,Male,198.29.0.171
829,Friederike,,fnormanvillen0@twitter.com,Female,204.224.179.127
,Shayla,,skoppensn1@hao123.com,Female,
,George,La Batie,glabatien2@pen.io,Male,164.86.210.185
,Hartwell,Logesdale,,Male,3.155.72.230
833,Marlee,Brealey,mbrealeyn4@com.com,Female,237.92.18.171
,,McGloin,,Male,233.82.23.108
835,Laureen,Mundee,lmundeen6@sakura.ne.jp,Female,142.95.241.253
836,Elliott,Peerman,,Male,201.91.95.23
837,Land,Harkus,lharkusn8@yale.edu,Male,
838,Lissi,Peto,lpeton9@slate.com,,
,,Harrowell,jharrowellna@quantcast.com,,131.108.3.35
,Clywd,,cfarnhillnb@hatena.ne.jp,Male,
,,McCrone,,Female,36.22.6.191
,Tawsha,Giriardelli,tgiriardellind@lycos.com,Female,241.239.65.50
,,,ljennaroyne@youtu.be,Male,182.22.252.200
,Linc,Dorre,ldorrenf@yellowpages.com,Male,64.66.156.20
845,Dallas,Cowerd,dcowerdng@edublogs.org,Female,151.203.192.107
,Duffy,Bonsall,dbonsallnh@slideshare.net,Male,55.25.38.17
,,Atyeo,katyeoni@toplist.cz,Male,153.120.71.128
848,Gayel,Comer,gcomernj@yandex.ru,Female,15.46.9.135
849,Anett,,amatantsevnk@time.com,Female,
,Debee,Massenhove,,,200.197.161.57
851,Chrissie,,,Male,12.71.174.43
852,Cherice,,cmundaynn@kickstarter.com,,34.104.41.35
853,Helenelizabeth,,hbrigmanno@huffingtonpost.com,,122.108.118.237
854,,Teresia,eteresianp@desdev.cn,Female,207.89.216.255
855,Aristotle,Brodest,abrodestnq@soundcloud.com,Male,
,Iosep,Gartsyde,igartsydenr@livejournal.com,Male,
857,Liam,,lhafnerns@jugem.jp,Male,
858,,O'Sheerin,hosheerinnt@weebly.com,Female,248.138.217.82
,,,skonertznu@arstechnica.com,Male,
860,,Berkelay,,Female,175.63.72.5
861,Benedetta,Graal,bgraalnw@goo.ne.jp,,91.35.21.115
,Boyd,Pfeffle,bpfefflenx@digg.com,,
,Kathi,,kbattesonny@ebay.com,Female,120.32.101.157
,Emerson,Rapin,erapinnz@paypal.com,Male,21.178.1.14
865,Leonardo,,,Male,1.237.46.184
866,,Dorran,bdorrano1@com.com,Male,
867,,McCray,nmccrayo2@wikipedia.org,Female,254.197.94.166
868,,,pagetto3@yolasite.com,,140.82.163.51
869,Erny,,elutzmanno4@usda.gov,Male,158.78.130.170
870,Idette,,,Female,245.10.3.48
,,Dirkin,edirkino6@woothemes.com,Male,148.120.6.133
872,,Abrami,cabramio7@mediafire.com,Female,239.28.77.85
873,,Maidlow,ymaidlowo8@behance.net,,
,,Comberbach,mcomberbacho9@123-reg.co.uk,Male,232.45.172.229
875,,Swire,,Female,124.30.9.146
876,,Climpson,sclimpsonob@angelfire.com,Female,
877,Julieta,Gethen,jgethenoc@posterous.com,,251.205.0.226
878,Koenraad,Duckfield,,Male,254.250.234.203
,Piggy,Orum,porumoe@usda.gov,Male,141.186.54.175
,,Vasyutochkin,,Female,213.225.102.143
881,Jan,Sparshatt,,,95.232.183.121
,Ricki,Atwell,,Female,223.129.43.19
883,Becca,Luttgert,bluttgertoi@berkeley.edu,Female,153.243.11.189
,,Cuncarr,,Male,103.167.228.155
885,Ailsun,,amacpaikeok@chicagotribune.com,Female,191.108.141.191
886,Faythe,Bangiard,fbangiardol@un.org,,
887,Lynett,,lhamilom@rambler.ru,Female,
888,Kerby,Aikett,kaiketton@army.mil,Male,
,Renaldo,Gilbert,rgilbertoo@joomla.org,,
,Mariska,Bubbings,mbubbingsop@godaddy.com,Female,
891,Urbano,MacDearmid,umacdearmidoq@delicious.com,Male,228.221.239.146
892,Marlane,Gooderick,mgooderickor@wiley.com,Female,117.181.74.245
893,,Fanti,ifantios@dell.com,Male,
,,Kyndred,pkyndredot@ft.com,Male,226.74.160.50
895,Anetta,,afordou@google.nl,Female,109.104.215.36
,Birch,Deetlefs,bdeetlefsov@barnesandnoble.com,,114.74.26.46
,,,,,129.249.116.12
898,,Burdin,aburdinox@xrea.com,Male,24.252.118.12
,Shelden,Digman,sdigmanoy@ox.ac.uk,Male,179.216.128.161
900,,Kock,tkockoz@tinypic.com,Male,119.221.26.203
901,Bonnibelle,Doni,bdonip0@scribd.com,Female,121.181.217.227
902,Briano,Heintzsch,bheintzschp1@ycombinator.com,,88.98.113.119
903,Kora,Batty,kbattyp2@wordpress.com,,196.89.80.19
,Reider,Christene,rchristenep3@bandcamp.com,,107.102.155.184
,Valle,Gueste,vguestep4@baidu.com,Male,55.204.201.161
906,Tuckie,Storm,tstormp5@nps.gov,Male,69.60.185.122
907,Falkner,Tyrwhitt,,,17.109.34.26
908,,Cockrem,hcockremp7@sun.com,Female,144.94.156.163
909,Elberta,Embra,eembrap8@webs.com,Female,87.101.21.98
910,,,askakunasp9@ibm.com,Female,127.237.48.159
911,Alicia,Cleaves,acleavespa@w3.org,Female,61.249.208.117
912,Verne,Goslin,vgoslinpb@blog.com,Male,
913,Phillipp,,pmaruskapc@github.com,Male,178.207.185.92
,Anastassia,Wateridge,awateridgepd@scribd.com,Female,179.24.139.222
,Haskell,Seedhouse,hseedhousepe@sun.com,Male,249.124.56.70
,,,lhoyspf@bravesites.com,,117.121.8.179
,Krispin,,ksissonspg@amazon.co.uk,Male,
,Minnnie,,mimessonph@cbsnews.com,,
,Myca,Treverton,mtrevertonpi@facebook.com,Male,200.46.203.89
920,Kermie,Basini-Gazzi,kbasinigazzipj@sitemeter.com,Male,64.98.228.147
,Aretha,,achivertonpk@rambler.ru,Female,249.219.57.164
922,Corney,,crabbepl@issuu.com,Male,192.44.252.64
923,Zorana,Lambal,zlambalpm@twitpic.com,Female,223.229.188.76
924,,Robottham,,Male,235.225.226.168
925,Ranique,Pawling,rpawlingpo@aol.com,Female,177.142.89.101
926,Barth,Ovize,bovizepp@slideshare.net,Male,239.68.40.86
927,Lidia,Freiburger,lfreiburgerpq@wordpress.org,Female,
928,Merlina,Doolan,mdoolanpr@earthlink.net,Female,252.24.179.144
929,Leland,Ledson,lledsonps@t.co,Male,215.22.149.147
930,Wade,Brilleman,wbrillemanpt@si.edu,Male,252.199.85.132
,Ingunna,Hedylstone,,Female,81.112.151.171
932,,Josofovitz,,Male,168.118.70.142
933,Abraham,Ortega,,Male,237.5.254.176
934,,Yter,tyterpx@linkedin.com,,84.43.40.118
,Andrej,Dawidman,adawidmanpy@wordpress.com,Male,
,,,fmulroypz@newyorker.com,Female,1.245.34.204
937,Babbie,Teale,btealeq0@usatoday.com,Female,
,Nora,Kowalik,nkowalikq1@networkadvertising.org,Female,35.80.130.244
,Danny,,dmaddocksq2@123-reg.co.uk,,67.143.13.57
940,,,,Female,44.149.86.12
,Felita,Harverson,fharversonq4@nasa.gov,Female,141.164.109.9
942,Fredric,Caven,,Male,52.197.216.84
943,,Deakins,jdeakinsq6@over-blog.com,,169.48.157.173
,Oswell,,ogarletteq7@foxnews.com,Male,97.26.183.141
,Aksel,Sargison,asargisonq8@topsy.com,Male,135.191.236.51
946,Marybelle,Burstowe,,Female,15.11.10.62
,,Pogosian,fpogosianqa@yale.edu,Male,192.182.109.90
,Free,,fmacturloughqb@ask.com,Male,179.201.34.203
949,,Calterone,acalteroneqc@blog.com,,7.88.139.95
950,,Coverly,,,
,Alicea,Palay,apalayqe@telegraph.co.uk,Female,173.175.199.253
952,Esmaria,,,Female,
,Hamil,Van der Hoven,hvanderhovenqg@csmonitor.com,Male,90.238.7.194
954,Jo ann,Ansill,,Female,166.247.130.157
955,Abbie,Chritchley,,Male,160.132.110.142
956,Daile,Ciccotto,,,183.0.163.17
957,Wald,Smoughton,wsmoughtonqk@ocn.ne.jp,Male,159.99.73.112
,,Mallam,,Male,
959,Mel,Moden,mmodenqm@nasa.gov,Female,172.230.250.207
960,,Lording,hlordingqn@csmonitor.com,,111.144.107.223
961,,,bberrymanqo@1und1.de,Male,
962,,Agar,aagarqp@unc.edu,Female,
963,John,,jcanonqq@blogspot.com,Male,168.79.132.83
964,Tania,,tpoutressqr@hostgator.com,Female,
965,Jessi,Yapp,jyappqs@eepurl.com,,66.38.106.175
966,Quinton,,qwinckworthqt@blog.com,,108.183.188.119
967,,Autie,cautiequ@huffingtonpost.com,Female,
968,Bar,,branniganqv@redcross.org,Male,
969,,Breakwell,sbreakwellqw@who.int,Male,171.50.129.156
970,Flora,Oldham,,,178.255.239.130
,,Mc Gorley,imcgorleyqy@altervista.org,,129.226.48.20
972,Garvey,,gmarcqqz@gov.uk,Male,28.66.185.151
,Barry,Ecclestone,becclestoner0@spiegel.de,Female,160.114.148.110
974,,Spracklin,bspracklinr1@tuttocitta.it,Male,143.40.202.90
975,,,ltriper2@vinaora.com,Female,136.12.192.9
976,Harald,,,Male,
,Calhoun,Lumbly,clumblyr4@technorati.com,,205.75.81.215
978,,Mantram,rmantramr5@umich.edu,Male,196.194.243.158
979,Johanna,Mathe,jmather6@friendfeed.com,,254.2.202.123
980,Wylie,MacGilpatrick,,Male,
981,,Sevitt,,Female,88.62.182.11
982,Holly-anne,Capstake,hcapstaker9@nhs.uk,,
983,Jaimie,Lamdin,jlamdinra@europa.eu,Male,206.4.243.173
,Lauren,Mosedall,lmosedallrb@alibaba.com,,93.119.137.238
985,Killie,Rintoul,krintoulrc@dyndns.org,Male,194.22.0.145
,Flora,Pantin,,,194.100.199.194
987,Leupold,Gawen,lgawenre@tripod.com,,102.214.108.3
988,Yehudi,Eyes,yeyesrf@macromedia.com,,196.148.39.109
,Gustaf,,,Male,
,,McKean,mmckeanrh@blogtalkradio.com,Male,87.175.128.208
991,Randie,Whilder,rwhilderri@reverbnation.com,Male,223.243.179.203
992,Tamiko,McDavid,tmcdavidrj@hud.gov,Female,114.99.68.74
993,,Kareman,kkaremanrk@studiopress.com,Female,9.71.7.252
994,Samson,,shurdmanrl@columbia.edu,Male,37.6.57.200
,Even,Battabee,ebattabeerm@japanpost.jp,Male,92.48.87.114
996,Drucie,Bondy,dbondyrn@uiuc.edu,,178.113.3.175
997,Jakie,Mirfield,jmirfieldro@studiopress.com,,
998,Egor,,,Male,27.109.24.41
999,Stanislaus,,sliddiattrq@jimdo.com,,
1000,Alair,Futcher,afutcherrr@gravatar.com,Male,65.26.17.65
