id,first_name,last_name,email,gender,ip_address
1,empty,Dawidowitsch,rdawidowitsch0@indiegogo.com,Female,empty
empty,Nikkie,Elven,nelven1@live.com,Female,204.68.159.238
3,Noell,empty,empty,Female,198.202.214.38
4,Huey,empty,hmance3@xinhuanet.com,Male,55.248.52.76
5,Stavro,Djokovic,sdjokovic4@arstechnica.com,Male,20.110.119.11
empty,empty,Laxston,plaxston5@amazon.de,Female,164.55.43.155
7,Zonnya,Crandon,empty,empty,empty
8,Lindy,empty,lvalentin7@state.tx.us,Male,90.185.80.118
empty,Gerry,empty,gbaylay8@mashable.com,Female,empty
10,Deanne,empty,dchampniss9@mayoclinic.com,Female,empty
11,Daven,empty,empty,empty,empty
empty,Dore,Nys,dnysb@smh.com.au,Male,238.81.101.178
empty,Jaquith,Del Dello,jdeldelloc@ox.ac.uk,Female,161.176.77.254
empty,Bertina,empty,bgiamettid@reddit.com,Female,36.186.81.113
15,Karlis,Wakefield,kwakefielde@twitter.com,empty,129.3.111.5
empty,Dee dee,Colebourn,dcolebournf@wired.com,Female,99.240.21.106
17,Suellen,empty,smylesg@rakuten.co.jp,empty,empty
empty,Loralyn,Foan,lfoanh@hhs.gov,empty,98.236.105.159
empty,Ameline,Benthall,empty,empty,167.94.39.62
20,Tarah,Chattoe,tchattoej@bbb.org,empty,213.69.195.92
21,Kristoforo,empty,kdengek@jiathis.com,empty,31.105.6.218
22,Beilul,Duchant,bduchantl@plala.or.jp,empty,121.130.59.52
23,empty,Adger,empty,Female,empty
24,Claiborn,Pesterfield,empty,Male,213.179.126.223
25,Elsworth,empty,egunninghamo@house.gov,Male,empty
26,empty,Raittie,rraittiep@photobucket.com,Female,95.1.86.127
27,empty,Warcop,uwarcopq@utexas.edu,empty,163.35.148.92
28,empty,empty,ctater@over-blog.com,Female,142.50.222.234
empty,Annelise,empty,empty,Female,131.127.105.215
empty,Cayla,McClaughlin,cmcclaughlint@51.la,Female,36.98.209.21
31,empty,Gilderoy,tgilderoyu@youtu.be,Female,83.134.76.206
empty,empty,MacNelly,mmacnellyv@scribd.com,Female,60.234.242.79
empty,empty,Henrique,empty,Male,145.205.74.158
34,Alethea,Burnage,aburnagex@bloglines.com,Female,88.33.4.211
empty,Susan,Duell,sduelly@prlog.org,Female,empty
empty,Rafaelia,Bradbrook,empty,Female,43.71.246.172
37,empty,Poile,kpoile10@gnu.org,empty,22.44.131.49
38,Cornall,Castiglio,empty,empty,empty
39,Stuart,Wiz,empty,Male,194.4.100.243
40,Gaspard,Yeulet,gyeulet13@bloglovin.com,Male,63.116.135.107
empty,Neils,Corney,ncorney14@fc2.com,Male,181.87.178.78
42,Biddy,Haseley,bhaseley15@addtoany.com,Female,86.125.51.253
empty,Adrianne,Gregon,agregon16@mtv.com,empty,80.216.189.210
empty,Ellyn,empty,ecouchman17@biblegateway.com,Female,26.38.96.34
45,Ezechiel,empty,empty,empty,208.161.142.178
46,Kiley,Rowberry,empty,Male,51.207.204.245
47,Charline,Americi,camerici1a@thetimes.co.uk,Female,118.227.172.108
48,empty,Beccero,mbeccero1b@yandex.ru,Female,145.7.154.154
49,empty,Barbe,lbarbe1c@github.com,Male,53.241.167.46
50,empty,Kewzick,ikewzick1d@typepad.com,empty,64.47.109.62
51,Becky,empty,bstirtle1e@ustream.tv,Female,189.48.215.53
52,Jonis,empty,empty,Female,empty
53,empty,Kellog,empty,Female,empty
54,Creighton,Muffin,cmuffin1h@aol.com,empty,empty
55,empty,empty,cgrumble1i@ustream.tv,Male,98.133.157.32
empty,Sonni,Grigoli,sgrigoli1j@usgs.gov,Female,178.85.25.169
57,empty,Billiard,obilliard1k@free.fr,Female,155.148.12.153
58,Toddy,Bayman,empty,Male,20.121.4.68
59,Jolene,Morrell,empty,Female,201.42.209.174
60,Dee dee,empty,dglassard1n@jugem.jp,Female,227.217.142.88
61,Aaron,empty,aduligall1o@yahoo.co.jp,empty,empty
62,Yalonda,Dowry,ydowry1p@wikia.com,empty,60.170.28.39
empty,empty,Garmons,mgarmons1q@chicagotribune.com,Male,216.0.30.1
empty,Darell,Inde,dinde1r@blogger.com,Female,75.155.95.196
empty,Brendin,empty,empty,Male,84.122.19.104
66,Pammie,Brownlie,pbrownlie1t@soundcloud.com,Female,empty
67,Cherish,Newnham,cnewnham1u@kickstarter.com,Female,115.200.150.70
68,empty,Delmonti,sdelmonti1v@google.it,Male,36.167.128.136
69,Pip,Lumly,plumly1w@oakley.com,empty,151.145.238.87
70,Stefano,Timothy,empty,Male,empty
empty,Andrew,empty,awardle1y@cafepress.com,empty,165.13.159.222
72,Noby,empty,nmathison1z@cargocollective.com,Male,222.208.176.136
73,empty,empty,esavery20@infoseek.co.jp,Female,72.24.25.15
74,Keir,Bebb,kbebb21@amazon.co.jp,Male,48.176.69.82
75,empty,Abela,aabela22@dagondesign.com,empty,236.235.212.69
76,Ferrel,Gleed,fgleed23@google.it,Male,empty
77,Marta,Yesenin,empty,Female,240.238.67.215
78,Deck,empty,dwhapples25@youku.com,Male,empty
79,Jethro,Sidwick,jsidwick26@statcounter.com,Male,204.106.177.181
80,empty,Stubbert,empty,Female,empty
81,empty,Balthasar,tbalthasar28@ask.com,Male,123.52.84.37
empty,Parker,Moss,pmoss29@ebay.co.uk,Male,empty
empty,Garrik,Phear,gphear2a@loc.gov,empty,empty
84,empty,Giraldo,empty,Male,197.50.19.107
empty,Kassia,empty,khousen2c@dyndns.org,Female,127.94.21.196
empty,empty,empty,echominski2d@wikipedia.org,empty,118.124.60.214
empty,Spence,Burel,empty,empty,237.100.3.230
88,Nettle,Dennison,ndennison2f@xinhuanet.com,empty,227.247.55.111
89,Sigmund,Ferrand,empty,Male,176.16.51.248
90,Michel,Ramsbottom,mramsbottom2h@bloomberg.com,Male,28.33.207.163
91,Matthieu,Cantua,mcantua2i@ft.com,Male,59.103.129.147
92,empty,Durtnal,empty,Male,176.52.175.122
93,empty,empty,empty,Male,empty
94,empty,empty,gweatherill2l@phoca.cz,Male,empty
95,empty,Steinham,empty,empty,80.167.83.102
96,Sapphire,Chrystie,empty,empty,131.159.96.48
97,empty,Casey,gcasey2o@netvibes.com,Male,empty
empty,Kimble,Ghioni,kghioni2p@tripadvisor.com,Male,empty
99,Zorina,Lemmertz,zlemmertz2q@omniture.com,Female,95.37.116.76
empty,Constancia,Stroton,cstroton2r@taobao.com,Female,255.146.106.216
101,empty,empty,wtordiffe2s@nytimes.com,empty,219.75.124.24
102,Lanae,empty,lcianni2t@so-net.ne.jp,Female,27.100.2.118
103,Clarke,empty,cdickons2u@globo.com,empty,74.235.134.209
104,Agosto,MacElroy,empty,Male,242.206.54.252
105,Brittne,Vasechkin,bvasechkin2w@upenn.edu,Female,empty
empty,Tamqrah,Kippie,tkippie2x@howstuffworks.com,Female,empty
107,Orelie,Buffham,obuffham2y@cloudflare.com,Female,200.118.117.154
108,Rudolf,Stanesby,empty,Male,245.38.4.134
empty,empty,empty,ecolborn30@sourceforge.net,empty,empty
110,empty,empty,rgonsalvez31@illinois.edu,empty,37.85.244.14
empty,Chucho,Philliphs,cphilliphs32@surveymonkey.com,empty,14.26.195.33
empty,Terrye,Waterhous,twaterhous33@prnewswire.com,Female,empty
empty,Jedediah,empty,jtretwell34@ucoz.com,Male,130.65.242.154
114,Lucina,Hallgalley,lhallgalley35@google.co.uk,Female,59.19.177.31
115,Lowell,Franses,lfranses36@hhs.gov,empty,101.123.78.157
116,empty,empty,empty,Female,224.44.135.122
117,Kelila,empty,knapthine38@ted.com,Female,95.157.101.61
empty,Brok,Thackeray,bthackeray39@bloglovin.com,Male,137.4.164.157
empty,Neilla,empty,ndibaudi3a@amazon.com,Female,131.126.147.163
120,Ericka,empty,efedorchenko3b@ezinearticles.com,Female,empty
121,Lorilyn,empty,empty,Female,231.1.143.164
122,Jeanna,empty,jsidney3d@dedecms.com,empty,17.155.206.240
empty,Marybelle,Tilzey,empty,empty,99.231.225.41
124,Carmita,empty,empty,Female,138.220.234.135
125,Berkley,Arundell,barundell3g@surveymonkey.com,Male,13.111.227.59
126,empty,empty,kyelding3h@ibm.com,Male,118.17.99.251
127,empty,Leere,bleere3i@liveinternet.ru,empty,empty
empty,empty,Barrick,empty,empty,165.97.91.40
empty,Kathe,Manger,kmanger3k@studiopress.com,empty,149.128.81.208
130,Jason,empty,jbarbara3l@answers.com,Male,157.42.237.110
131,Hillier,empty,empty,empty,212.131.87.138
132,Sukey,Mewes,smewes3n@opera.com,empty,239.76.5.226
empty,Hillery,Spellar,hspellar3o@washingtonpost.com,Male,222.224.232.83
empty,Orv,Mannion,omannion3p@simplemachines.org,Male,101.12.83.64
135,empty,empty,ppering3q@acquirethisname.com,Female,91.190.78.116
136,Jolee,Mellish,empty,empty,empty
137,empty,empty,dkeenleyside3s@pen.io,Male,69.227.164.199
138,Tate,empty,thanscomb3t@bizjournals.com,Female,71.181.102.117
empty,empty,Janway,empty,Male,255.82.157.254
140,empty,Saffle,empty,Male,empty
141,Camille,Wycherley,empty,empty,22.111.244.216
142,empty,Doulden,pdoulden3x@msu.edu,Female,92.21.60.50
empty,empty,empty,fjoselevitz3y@furl.net,Female,133.141.49.34
144,empty,Jachimak,jjachimak3z@phoca.cz,empty,178.41.240.48
145,Marrissa,Toner,mtoner40@chron.com,Female,91.97.104.113
146,Matty,empty,empty,Female,125.94.99.54
147,Nolie,McMechan,empty,Female,244.245.162.224
148,Jocelin,empty,empty,Female,empty
149,Pattin,McLeish,pmcleish44@free.fr,Male,143.245.66.87
empty,empty,Antonellini,dantonellini45@dailymail.co.uk,Female,125.170.127.134
empty,empty,Cleeve,empty,Female,128.212.130.40
152,empty,Chuter,kchuter47@liveinternet.ru,empty,215.160.232.56
153,Neille,Giacomo,ngiacomo48@imgur.com,empty,177.145.183.206
154,Ferdy,Stonelake,fstonelake49@discovery.com,empty,empty
155,Tobye,Barlow,tbarlow4a@techcrunch.com,Female,empty
empty,empty,empty,tandreix4b@slashdot.org,empty,10.53.89.164
157,Viviana,Veazey,empty,empty,empty
158,Hendrika,Alwell,halwell4d@macromedia.com,Female,157.225.17.51
empty,empty,Hurrion,empty,empty,221.211.118.140
160,empty,MacManus,jmacmanus4f@nature.com,Female,empty
161,empty,empty,smaingot4g@ibm.com,Male,53.15.80.89
162,empty,empty,chowden4h@thetimes.co.uk,Male,12.165.158.155
empty,Sheffield,empty,sgostick4i@barnesandnoble.com,Male,206.20.19.248
164,Cyndy,empty,cvonnassau4j@ameblo.jp,Female,135.178.190.244
empty,Alexandra,Lathee,empty,Female,60.109.53.93
166,Christy,Nazair,empty,empty,58.27.198.58
167,Ludvig,Langelaan,llangelaan4m@dedecms.com,Male,162.160.42.99
empty,Alejandrina,empty,empty,Female,empty
empty,empty,empty,aiannini4o@liveinternet.ru,empty,225.16.92.57
170,Kendrick,empty,kstorror4p@biglobe.ne.jp,empty,empty
171,Wilona,Giacovelli,wgiacovelli4q@npr.org,Female,235.63.144.36
172,empty,empty,tmellish4r@ycombinator.com,empty,169.222.221.170
173,empty,Tipler,jtipler4s@a8.net,Female,88.198.126.239
174,empty,Fenby,mfenby4t@npr.org,Male,178.14.106.181
175,Nilson,Armstrong,narmstrong4u@google.co.jp,empty,empty
176,Winna,Jeffels,wjeffels4v@mtv.com,Female,117.25.207.191
177,Lisetta,Filov,empty,empty,36.170.147.138
178,Emmye,Cianelli,empty,Female,56.81.152.79
179,empty,empty,kferrers4y@bbc.co.uk,Male,228.142.122.70
180,Lucky,empty,empty,Female,empty
181,Rodolph,empty,empty,Male,empty
182,Lefty,Street,lstreet51@cdbaby.com,empty,70.148.237.74
183,Urban,Vagg,uvagg52@noaa.gov,Male,237.88.255.34
184,Brittan,empty,empty,Female,92.113.150.180
185,Griswold,MacCulloch,gmacculloch54@yelp.com,empty,15.164.111.53
empty,Gabbey,Whitlam,gwhitlam55@com.com,Female,42.185.18.72
empty,empty,empty,empty,empty,128.103.81.221
empty,Rickey,empty,empty,Male,201.255.206.43
189,Devy,empty,djonczyk58@prweb.com,empty,74.159.39.241
empty,Marguerite,Clymer,mclymer59@gizmodo.com,Female,173.120.207.127
empty,empty,Blemen,tblemen5a@tripod.com,Male,63.199.147.202
192,Levin,Dowse,empty,empty,6.5.170.4
193,empty,Smallpeice,jsmallpeice5c@goo.gl,Male,44.215.172.22
empty,Almeria,empty,ameltetal5d@hud.gov,Female,112.240.205.239
195,Jillayne,empty,jmcclinton5e@mapquest.com,empty,empty
empty,Wyn,empty,wmackrill5f@usnews.com,empty,67.161.192.27
197,Whit,Linfield,wlinfield5g@newsvine.com,Male,empty
empty,Montgomery,McPhilip,empty,Male,243.173.106.198
empty,Ryley,Hitter,empty,Male,28.186.11.149
200,empty,empty,tlemmertz5j@shareasale.com,Female,39.122.179.32
201,Christin,Donwell,cdonwell5k@intel.com,Female,empty
202,Marieann,Garrod,empty,Female,empty
203,empty,Collymore,empty,Male,80.63.199.16
empty,Alberta,Durrett,empty,Female,32.190.205.53
empty,Valaree,empty,vcoveny5o@independent.co.uk,Female,250.106.77.28
206,Mattias,Gabbetis,mgabbetis5p@wikipedia.org,empty,95.29.231.17
207,Lin,empty,lyewdall5q@delicious.com,Female,139.245.137.204
208,Parrnell,Mora,pmora5r@hibu.com,Male,empty
empty,empty,empty,dmaslen5s@wp.com,Female,161.172.90.145
210,Korry,Vasilik,kvasilik5t@thetimes.co.uk,Female,4.63.20.34
211,Rosa,Christophersen,rchristophersen5u@blogtalkradio.com,empty,empty
empty,Bobbee,MacGaughy,bmacgaughy5v@zimbio.com,Female,109.149.11.173
213,Dwain,Boreham,dboreham5w@wired.com,Male,255.109.183.192
214,empty,empty,etollemache5x@mayoclinic.com,empty,125.186.52.215
215,empty,Trebilcock,ztrebilcock5y@google.co.jp,empty,empty
216,Freddi,empty,fdomegan5z@wsj.com,Female,empty
217,empty,empty,empty,Male,108.44.146.224
empty,empty,empty,wocannavan61@harvard.edu,Male,252.10.46.100
219,empty,Paulino,empty,Male,58.168.158.100
220,Benni,Hallihane,bhallihane63@unicef.org,empty,250.19.38.38
221,Sloane,Betjes,sbetjes64@blog.com,Male,36.190.19.229
222,Dre,Normanville,empty,empty,empty
empty,Bernardine,Graith,bgraith66@wordpress.org,empty,108.208.231.149
224,Halsy,Assard,hassard67@hostgator.com,Male,74.190.205.17
empty,Mayne,Dawks,mdawks68@msu.edu,Male,empty
226,Tallou,Scoles,empty,empty,empty
empty,empty,empty,wbunyan6a@mit.edu,empty,empty
228,empty,O'Henehan,empty,Male,empty
empty,Jeremie,Elderbrant,empty,Male,empty
230,empty,Shackle,cshackle6d@jigsy.com,Female,empty
231,empty,Teresia,zteresia6e@dion.ne.jp,Male,empty
232,Byrle,McNeigh,bmcneigh6f@discuz.net,Male,18.75.25.145
empty,Aigneis,empty,amckillop6g@archive.org,Female,empty
234,Lissy,McKeurton,empty,Female,182.153.11.56
235,Brennen,empty,empty,Male,118.136.10.44
236,empty,empty,hmcfaul6j@clickbank.net,empty,206.168.29.186
237,empty,empty,gdemare6k@google.es,Female,85.31.122.57
238,Rutledge,empty,empty,empty,253.188.240.10
empty,Ami,Rookeby,arookeby6m@myspace.com,empty,empty
240,Zackariah,Johnston,zjohnston6n@whitehouse.gov,Male,empty
241,Orelle,empty,ostonehouse6o@ca.gov,Female,105.41.111.173
242,Saw,empty,empty,Male,188.52.39.151
243,Danny,Wilder,dwilder6q@studiopress.com,Male,163.45.82.75
empty,empty,Molden,gmolden6r@surveymonkey.com,empty,172.13.228.78
245,Goldarina,Verney,gverney6s@springer.com,empty,71.37.173.198
empty,Aimil,Swadling,aswadling6t@barnesandnoble.com,empty,8.38.180.238
empty,Ferris,Goodhay,empty,Male,213.42.13.46
empty,Octavia,Comley,ocomley6v@mapquest.com,Female,68.91.226.46
249,Gerick,Capron,gcapron6w@youtu.be,Male,242.206.88.150
250,Bren,Moodie,bmoodie6x@businessinsider.com,Female,102.111.248.76
251,Stanislaw,Heeney,empty,Male,88.240.24.84
252,Georas,Lantry,empty,Male,139.216.182.218
253,Roddie,Baudacci,rbaudacci70@bbc.co.uk,Male,empty
empty,Gwyn,Vinas,gvinas71@privacy.gov.au,Female,empty
255,Jamie,Kilgannon,jkilgannon72@gnu.org,empty,154.194.120.45
empty,Lillis,Boyn,lboyn73@cam.ac.uk,Female,126.18.47.110
257,empty,Marrow,smarrow74@friendfeed.com,Female,235.19.153.146
empty,Marv,Pieroni,empty,empty,31.70.140.248
empty,Ambrosius,empty,akirman76@seesaa.net,Male,empty
260,Orv,empty,odugdale77@bbc.co.uk,Male,116.47.149.31
261,Robin,Sumsion,empty,Female,155.73.180.59
262,Aime,empty,aberthel79@nba.com,empty,139.154.85.126
263,Kalina,empty,empty,Female,empty
264,Portia,Cammish,pcammish7b@scientificamerican.com,empty,71.166.232.211
265,empty,Feaks,sfeaks7c@yahoo.co.jp,Male,238.234.208.135
empty,Chrysler,Corah,empty,Female,empty
267,empty,empty,omendes7e@homestead.com,Female,240.152.255.124
268,Ursala,Faldo,ufaldo7f@cnbc.com,empty,105.155.129.6
269,Rosaline,empty,rlivett7g@networkadvertising.org,empty,182.114.96.230
270,Rudiger,Lambot,rlambot7h@bandcamp.com,empty,18.108.59.90
271,Rosanna,empty,rtratton7i@webs.com,Female,140.121.177.73
272,Vail,empty,vridsdell7j@cloudflare.com,Male,empty
empty,Tamara,empty,tiuorio7k@google.com,Female,127.18.224.155
empty,empty,Shanley,empty,Female,empty
empty,empty,Formie,zformie7m@mozilla.org,Male,empty
empty,empty,Ferbrache,nferbrache7n@webs.com,empty,216.101.237.189
empty,Gerard,Dufour,gdufour7o@wix.com,Male,105.162.2.3
278,Emilio,Herreran,empty,empty,255.183.144.123
279,Garth,Attkins,empty,empty,91.192.112.142
empty,Leoline,Lubeck,llubeck7r@rambler.ru,empty,232.150.73.116
281,Robbyn,Ravilus,empty,Female,34.222.208.226
282,empty,empty,tsrawley7t@cmu.edu,Female,empty
283,Otto,Whitsey,owhitsey7u@marriott.com,Male,1.159.217.204
empty,Malynda,Doctor,empty,Female,55.102.108.254
285,Thorstein,Eskriett,teskriett7w@mysql.com,Male,42.175.92.40
286,Marci,empty,mfernandes7x@blogger.com,empty,101.112.214.52
287,empty,empty,mcorten7y@techcrunch.com,Female,empty
empty,Alisun,empty,afairlem7z@gnu.org,empty,44.22.148.0
289,empty,empty,empty,empty,15.215.144.74
290,empty,Clementel,aclementel81@wix.com,Male,83.65.148.194
291,empty,Van Hove,yvanhove82@taobao.com,Male,236.166.199.117
292,Rodge,Coarser,empty,Male,empty
293,Rianon,empty,ranthonsen84@ca.gov,empty,136.33.155.9
294,empty,empty,bwenzel85@google.co.uk,empty,226.73.230.194
empty,Carmelia,empty,cbayston86@craigslist.org,Female,22.159.246.190
empty,empty,Boyse,bboyse87@boston.com,Male,36.144.144.92
297,Corty,Halston,empty,Male,empty
298,empty,Blatchford,tblatchford89@instagram.com,empty,148.129.151.60
empty,Chloris,empty,cpoulden8a@tmall.com,Female,empty
300,empty,Stoneham,cstoneham8b@google.com.au,Male,89.222.180.177
301,Kevin,Ennion,kennion8c@amazon.co.jp,empty,112.117.110.197
302,empty,empty,tdellatorre8d@nyu.edu,Male,45.131.205.66
empty,Morissa,Stone Fewings,mstonefewings8e@squarespace.com,empty,152.8.236.243
empty,empty,Bembrick,empty,empty,empty
305,Camey,Bellworthy,cbellworthy8g@businessinsider.com,Male,129.91.153.159
306,empty,Kinkead,tkinkead8h@mozilla.com,Female,61.8.89.233
307,empty,Meadowcraft,rmeadowcraft8i@abc.net.au,Male,126.229.247.14
empty,Hughie,Sanders,hsanders8j@patch.com,Male,4.124.91.249
309,empty,Teggart,wteggart8k@nih.gov,Female,41.2.157.231
empty,Robin,O'Donnelly,rodonnelly8l@de.vu,empty,191.146.41.252
empty,Kalina,Cosstick,empty,empty,174.64.112.90
312,empty,Feehily,tfeehily8n@dyndns.org,Male,138.191.157.91
313,Vinnie,Happs,empty,Male,102.138.206.219
empty,empty,Guillet,mguillet8p@wikia.com,Female,110.51.12.68
empty,Margi,Arro,marro8q@google.com.br,Female,81.97.70.96
316,Euell,empty,empty,Male,54.141.75.245
empty,Francoise,Balassi,fbalassi8s@mediafire.com,Female,empty
318,Karmen,empty,kwilkes8t@narod.ru,Female,23.83.211.84
319,empty,empty,tmirfin8u@macromedia.com,Male,69.237.248.99
320,Frans,empty,fmccullock8v@desdev.cn,Male,empty
321,empty,Minthorpe,empty,Male,52.24.106.82
322,Blanche,O'Doohaine,bodoohaine8x@yahoo.com,Female,empty
323,Rosaleen,Gibberd,empty,Female,245.188.205.150
324,empty,empty,aacey8z@flavors.me,Female,empty
325,Grayce,Siman,gsiman90@alibaba.com,empty,112.233.191.221
326,empty,Pybus,empty,Female,142.18.174.72
327,Hillie,empty,hchinnick92@jiathis.com,Male,200.245.167.62
328,empty,Wildes,lwildes93@lycos.com,Male,empty
329,Ethelyn,Addicote,eaddicote94@youtube.com,Female,173.115.165.21
330,Karlotte,Van der Kruijs,kvanderkruijs95@reference.com,Female,111.192.0.46
empty,empty,Lambourn,alambourn96@last.fm,Female,empty
empty,empty,empty,empty,Female,31.21.106.198
empty,Miltie,empty,mchesney98@alibaba.com,Male,204.87.66.76
empty,Edie,Mathey,empty,Female,244.254.184.38
335,Eliot,empty,empty,Male,154.1.82.10
336,Homere,empty,empty,Male,119.18.38.223
empty,Babara,Thurnham,bthurnham9c@blinklist.com,Female,empty
empty,empty,Neaverson,aneaverson9d@washingtonpost.com,Female,159.75.16.166
339,Kristi,empty,kmckendry9e@weebly.com,Female,empty
340,Gamaliel,McNaught,gmcnaught9f@abc.net.au,empty,165.191.11.49
empty,Hettie,Ciraldo,empty,empty,14.51.216.99
342,Nixie,Hehir,nhehir9h@mediafire.com,Female,empty
343,Lorry,Knowler,lknowler9i@technorati.com,Male,empty
344,Rene,empty,empty,Male,181.132.123.129
345,empty,Keller,nkeller9k@salon.com,Female,253.137.198.208
empty,Loren,empty,empty,Female,155.231.198.137
empty,empty,Titmuss,atitmuss9m@ucoz.com,Male,73.45.196.108
348,Guthrey,Draper,empty,Male,67.18.51.245
349,Karlotte,empty,kpoter9o@123-reg.co.uk,Female,142.202.168.75
empty,Brantley,Spileman,bspileman9p@plala.or.jp,empty,59.98.101.39
351,Grantley,Laycock,glaycock9q@cam.ac.uk,Male,182.128.133.210
empty,empty,Banfill,empty,Female,empty
empty,empty,Claussen,gclaussen9s@yandex.ru,Female,77.149.200.91
empty,empty,empty,glangwade9t@jigsy.com,Male,33.74.219.231
355,Anica,empty,empty,Female,24.232.251.229
empty,empty,Richt,sricht9v@miitbeian.gov.cn,Female,37.171.217.27
empty,Fara,empty,ffirth9w@newsvine.com,Female,empty
empty,Tara,empty,tabbay9x@i2i.jp,Female,155.23.150.183
359,empty,Rydeard,hrydeard9y@w3.org,Female,181.188.212.29
empty,Laurene,Fishpoole,lfishpoole9z@nih.gov,Female,163.4.102.54
empty,Wiley,empty,wjaspera0@aol.com,empty,202.101.47.6
362,Marni,Restill,mrestilla1@shop-pro.jp,Female,empty
363,Ariel,empty,adonawaya2@alibaba.com,Male,216.2.81.116
364,empty,Aisthorpe,empty,empty,98.220.229.74
365,Chery,Judkin,cjudkina4@jigsy.com,Female,empty
empty,Consuelo,Key,empty,Female,138.130.48.151
367,Saxe,Littleton,empty,Male,18.54.191.205
empty,Vannie,Zamboniari,vzamboniaria7@constantcontact.com,Female,27.128.238.195
369,empty,MacKeague,rmackeaguea8@feedburner.com,Female,163.121.64.102
370,Elsey,Ewings,empty,Female,empty
371,Harrie,Vogeler,hvogeleraa@berkeley.edu,Female,empty
372,empty,empty,dprobatab@seesaa.net,Female,39.60.180.183
373,Mitch,empty,mchivertonac@miitbeian.gov.cn,Male,112.134.60.12
374,Estel,Mackro,emackroad@jimdo.com,empty,119.146.144.7
empty,Regine,empty,rscotlandae@arstechnica.com,empty,227.210.15.11
376,empty,Bennallck,bbennallckaf@tumblr.com,empty,empty
377,Brantley,Joicey,bjoiceyag@army.mil,Male,43.70.61.170
empty,Shadow,Runsey,empty,Male,33.144.171.2
379,Merle,Jaray,mjarayai@dedecms.com,Female,empty
380,Abby,empty,ahayseyaj@rediff.com,Male,129.96.141.169
381,Bernie,empty,bmarkussenak@umn.edu,Male,254.213.91.93
empty,Dexter,Hamlet,dhamletal@hhs.gov,Male,empty
383,Lyn,Dawidowicz,empty,Female,42.153.57.74
384,Jeno,Beddon,jbeddonan@usa.gov,Male,122.24.170.152
empty,Darcee,Menpes,dmenpesao@com.com,Female,150.192.215.62
empty,Cyndie,empty,cghioniap@indiatimes.com,Female,230.213.132.6
387,Lynnelle,empty,empty,Female,empty
empty,Tomkin,Wastell,twastellar@amazon.co.jp,Male,empty
empty,Locke,Boolsen,lboolsenas@paginegialle.it,Male,117.173.240.193
390,Netta,MacLaughlin,nmaclaughlinat@tripadvisor.com,empty,208.195.110.194
391,empty,Peckett,lpeckettau@cornell.edu,Female,252.239.9.96
392,Maddalena,Crennan,mcrennanav@over-blog.com,Female,empty
empty,Dill,Dellenbroker,ddellenbrokeraw@vkontakte.ru,Male,empty
394,Marcelo,Merkle,mmerkleax@aol.com,Male,89.114.245.211
395,Drew,Daffern,ddaffernay@walmart.com,empty,81.200.167.183
empty,Fredric,Webborn,fwebbornaz@amazon.co.jp,Male,81.70.23.14
397,Maxie,Mc Gaughey,mmcgaugheyb0@examiner.com,Female,218.176.216.242
398,Roze,empty,rleyninyeb1@bbc.co.uk,Female,199.154.3.51
399,Edwin,Kernes,ekernesb2@vimeo.com,Male,196.91.255.222
400,empty,Ricci,empty,Male,53.175.121.51
401,empty,Yude,ayudeb4@ca.gov,Female,empty
402,Pierre,Piatto,ppiattob5@baidu.com,Male,195.224.206.241
403,Reynolds,empty,rrankinb6@cnbc.com,Male,211.234.206.165
404,Halsey,empty,halbertb7@theguardian.com,empty,17.19.198.153
empty,Moria,Phipson,mphipsonb8@cargocollective.com,empty,209.136.36.249
406,Alex,Mumm,amummb9@networksolutions.com,Male,empty
407,empty,empty,dbaglinba@state.gov,empty,231.92.147.20
408,Johnny,Birks,empty,empty,empty
empty,empty,Rittelmeyer,zrittelmeyerbc@toplist.cz,Female,203.187.12.154
empty,empty,O'Connel,uoconnelbd@webmd.com,Female,241.9.24.81
411,Chicky,Turpin,cturpinbe@abc.net.au,Male,103.21.20.41
412,empty,Grimster,dgrimsterbf@kickstarter.com,Female,13.116.76.229
413,Emeline,Roebottom,eroebottombg@tiny.cc,Female,80.180.191.58
414,empty,empty,cdeighanbh@cdc.gov,empty,empty
415,Hedy,Mordacai,hmordacaibi@salon.com,Female,43.111.82.250
empty,Archibold,empty,empty,Male,76.121.47.184
417,Karlyn,Ascough,empty,empty,empty
418,empty,Andreu,empty,Female,77.27.121.137
419,Verile,empty,vcortonbm@blogspot.com,Female,71.112.244.206
420,empty,empty,kcollarbn@apache.org,Female,128.49.243.226
empty,Ernestus,Cerro,empty,Male,90.8.102.23
422,empty,empty,empty,Male,88.104.204.156
423,empty,O' Meara,empty,Female,empty
empty,Guinna,Osipov,gosipovbr@4shared.com,empty,empty
425,Judi,Enright,jenrightbs@microsoft.com,Female,73.148.19.89
426,Peter,Heggadon,pheggadonbt@last.fm,empty,4.112.64.27
427,Brocky,empty,baberdeenbu@yellowpages.com,Male,empty
428,Clywd,Windrum,cwindrumbv@upenn.edu,empty,244.179.211.248
429,Jeanette,Gateshill,empty,Female,empty
430,Talyah,empty,empty,empty,149.28.171.93
431,Malorie,Varley,empty,Female,60.126.25.5
empty,Lem,empty,lcutchiebz@barnesandnoble.com,Male,145.93.160.67
433,Frankie,empty,fsloleyc0@xrea.com,empty,99.159.151.250
empty,Ronalda,Isles,rislesc1@theglobeandmail.com,empty,empty
435,empty,Ettery,empty,empty,173.15.96.184
436,Richie,empty,empty,Male,empty
437,Rochella,Filshin,empty,Female,115.73.227.159
438,Dierdre,empty,dcrucittic5@wix.com,Female,empty
empty,Joni,Leverentz,jleverentzc6@miibeian.gov.cn,empty,185.132.248.208
empty,empty,Langthorne,slangthornec7@google.com,empty,empty
441,Denney,Crosland,dcroslandc8@hc360.com,Male,143.244.103.46
empty,empty,empty,igashc9@nsw.gov.au,empty,17.227.127.81
443,Gabe,Bowley,gbowleyca@arstechnica.com,Male,139.218.138.227
444,Nicko,empty,nhalewoodcb@acquirethisname.com,Male,empty
empty,empty,Klimpke,nklimpkecc@cisco.com,Male,215.201.153.46
446,Ailey,Kleinstern,akleinsterncd@mashable.com,empty,165.192.199.196
447,Lionel,empty,empty,Male,105.112.194.84
448,Mervin,empty,empty,Male,200.86.250.106
empty,Nico,empty,ncochcg@discuz.net,empty,232.141.167.61
empty,Bonita,McAvinchey,bmcavincheych@angelfire.com,empty,empty
451,Aloise,empty,empty,Female,180.83.9.137
empty,empty,Roberts,frobertscj@state.tx.us,Female,31.98.152.213
empty,empty,empty,empty,Female,36.162.147.184
empty,Lew,Santorini,lsantorinicl@cam.ac.uk,Male,245.63.79.142
455,empty,empty,dtwohigcm@mayoclinic.com,Female,114.130.12.132
456,Sadye,Jentzsch,empty,empty,171.13.47.12
empty,Gard,Tregoning,gtregoningco@privacy.gov.au,Male,232.216.229.239
458,empty,Brattan,dbrattancp@state.gov,Female,125.120.243.179
empty,Hendrik,Calcott,hcalcottcq@marriott.com,Male,18.67.204.174
460,empty,empty,empty,Female,151.163.201.134
empty,Horatio,Baxter,empty,Male,75.246.173.78
462,empty,empty,fozintsevct@theatlantic.com,empty,71.149.45.132
463,empty,Leggatt,empty,Female,200.119.0.167
464,Son,empty,sstrottoncv@51.la,empty,32.47.231.67
465,empty,Scargle,vscarglecw@parallels.com,empty,empty
466,empty,Dymoke,rdymokecx@cnet.com,empty,201.217.32.29
467,Angil,Mynett,amynettcy@posterous.com,Female,empty
468,Julianne,Teresa,jteresacz@biblegateway.com,Female,23.205.166.61
469,empty,empty,empty,Male,44.38.234.80
470,Roland,Woodings,rwoodingsd1@examiner.com,Male,empty
471,Zacharie,Baudry,zbaudryd2@guardian.co.uk,Male,135.19.6.207
472,Gretchen,Boyd,gboydd3@privacy.gov.au,empty,129.206.101.181
empty,empty,empty,bberzond4@miibeian.gov.cn,Male,58.236.37.120
474,Bondon,Posselwhite,bposselwhited5@bloglines.com,Male,103.209.43.165
475,empty,empty,abennettod6@unesco.org,empty,empty
476,empty,Da Costa,mdacostad7@europa.eu,empty,3.35.29.88
477,empty,empty,ylewishamd8@youtube.com,Female,187.203.153.146
478,empty,empty,srainerd9@macromedia.com,empty,129.34.135.202
empty,empty,Gopsall,sgopsallda@wordpress.org,Male,empty
empty,Corly,Wreakes,cwreakesdb@edublogs.org,empty,173.144.60.149
empty,Bastian,Finnigan,empty,Male,199.245.237.228
482,empty,Ruusa,druusadd@rediff.com,empty,empty
empty,Eberhard,Rudloff,erudloffde@woothemes.com,empty,213.58.171.226
484,empty,empty,alymandf@delicious.com,Female,219.14.25.55
485,Marylinda,Savery,msaverydg@squarespace.com,empty,empty
486,empty,Toll,empty,Female,30.161.129.116
empty,empty,Billo,empty,Female,184.246.5.244
empty,Julie,empty,empty,empty,179.114.149.3
empty,Chrissie,Mantha,cmanthadk@printfriendly.com,Female,empty
490,Ferguson,Baughan,fbaughandl@ted.com,Male,124.251.162.15
491,empty,Bamell,fbamelldm@smh.com.au,Female,105.49.204.181
empty,empty,Bucham,nbuchamdn@chron.com,empty,empty
493,Caspar,Greg,cgregdo@hostgator.com,Male,156.17.46.14
494,Skell,Cosham,empty,Male,47.234.95.43
495,Mischa,empty,mdobsonsdq@unc.edu,Male,204.27.194.225
496,Shari,empty,sburnepdr@rakuten.co.jp,Female,empty
497,Kendra,Rawlence,krawlenceds@bing.com,Female,162.234.227.193
498,May,Townley,mtownleydt@stumbleupon.com,empty,58.246.192.76
empty,Trefor,Belham,empty,Male,162.205.220.208
500,Joannes,empty,jantonikovdv@1688.com,empty,98.37.86.126
empty,Chaddie,Leebeter,cleebeterdw@oaic.gov.au,Male,224.125.244.190
502,Anthony,Moreno,amorenodx@icio.us,Male,empty
503,Marv,Oertzen,moertzendy@privacy.gov.au,Male,160.179.119.146
empty,Guthrie,Kupker,gkupkerdz@trellian.com,Male,empty
505,Lonny,empty,lmetterickee0@domainmarket.com,empty,249.35.212.245
506,Gregorius,Gladstone,ggladstonee1@google.ca,Male,63.103.62.206
507,Ida,Jewers,ijewerse2@yolasite.com,empty,empty
508,Dina,Coverlyn,dcoverlyne3@bravesites.com,empty,227.110.250.137
509,empty,Aherne,dahernee4@foxnews.com,Male,108.22.35.200
510,empty,Bart,empty,Male,181.224.110.253
511,empty,empty,rrandse6@home.pl,Female,117.80.145.77
empty,empty,empty,tbernardeze7@purevolume.com,Female,44.128.81.26
empty,empty,Egarr,kegarre8@indiegogo.com,empty,empty
514,empty,Demougeot,rdemougeote9@tmall.com,empty,empty
515,Dorette,empty,dgrimwoodea@nifty.com,Female,32.205.215.222
empty,Karrie,empty,kgarrisheb@si.edu,Female,empty
517,Olag,empty,empty,empty,empty
empty,Frannie,empty,fnottinghamed@ftc.gov,Male,134.120.171.36
empty,Leta,Jiricka,ljirickaee@bravesites.com,empty,183.175.87.142
empty,empty,Heibl,nheiblef@sogou.com,Male,80.177.63.137
521,empty,Hasell,ghaselleg@ameblo.jp,Male,32.251.23.140
522,empty,Wagen,twageneh@51.la,empty,empty
523,Julie,Manlow,empty,empty,empty
empty,empty,Keveren,ikeverenej@google.ru,Female,238.249.70.77
empty,Dagny,Willacot,dwillacotek@wiley.com,Male,empty
526,Olympia,Brine,obrineel@paginegialle.it,empty,155.46.173.170
527,Romola,empty,rpeealessem@princeton.edu,empty,126.91.239.32
empty,empty,empty,mpickworthen@sitemeter.com,Female,empty
empty,empty,Larking,wlarkingeo@oaic.gov.au,Female,52.27.158.126
empty,Riobard,Leal,empty,Male,95.180.55.88
531,Geoff,Coudray,gcoudrayeq@uiuc.edu,empty,empty
532,Loren,Cuttell,lcutteller@ow.ly,empty,212.250.177.142
empty,Christie,empty,empty,Male,125.140.127.240
empty,Florian,empty,fmundfordet@github.com,Male,173.139.187.118
535,Bryana,Fluck,bfluckeu@dailymotion.com,Female,169.44.192.127
536,Susy,Stiegars,empty,Female,167.2.21.160
537,Filip,Moring,fmoringew@linkedin.com,Male,41.118.3.187
538,empty,Winfindine,empty,Male,244.73.227.225
539,empty,Fanning,empty,Male,78.173.166.177
540,empty,Vezey,bvezeyez@sphinn.com,Female,154.167.170.198
empty,Marla,Binnes,mbinnesf0@tamu.edu,Female,196.219.231.31
empty,Philis,Adamou,padamouf1@bigcartel.com,Female,empty
543,Bamby,empty,bsherwenf2@imageshack.us,empty,empty
544,Alaine,Brookfield,abrookfieldf3@va.gov,Female,1.34.56.3
545,Mitch,Esbrook,mesbrookf4@wp.com,empty,193.44.27.149
546,Tobie,Gino,tginof5@gov.uk,empty,150.49.187.235
547,empty,Fowell,zfowellf6@sfgate.com,Female,168.98.164.68
548,empty,empty,esharvillef7@slideshare.net,Male,1.142.245.187
549,Skipper,Calbrathe,scalbrathef8@jigsy.com,Male,45.2.133.164
550,Jeannie,Anney,empty,Female,210.43.156.114
551,Annette,empty,alansdownfa@homestead.com,Female,128.83.16.219
552,empty,Sommerlie,msommerliefb@gizmodo.com,Male,65.106.220.217
553,Kory,empty,kmcreidyfc@slate.com,Male,72.107.215.123
empty,Jackquelin,Grumble,jgrumblefd@last.fm,Female,empty
555,empty,empty,hthaxtonfe@mediafire.com,Female,206.14.57.120
556,empty,Gilhouley,empty,Male,219.105.145.95
557,Malanie,Puleque,empty,Female,98.75.237.138
558,empty,empty,sjohnssonfh@mediafire.com,Male,72.157.62.192
empty,Cris,Reap,creapfi@1688.com,Female,empty
560,Peder,Rozet,empty,Male,58.65.90.247
561,empty,Dragonette,sdragonettefk@storify.com,Male,empty
empty,empty,Stanwix,empty,Male,23.206.23.133
563,empty,empty,empty,empty,179.8.198.27
564,Darb,Mongin,dmonginfn@over-blog.com,Female,189.167.129.166
565,Webster,Rattry,wrattryfo@cocolog-nifty.com,empty,193.131.208.59
566,Ileane,Lehenmann,empty,Female,141.205.149.199
empty,Donnamarie,Beverley,dbeverleyfq@wikipedia.org,Female,194.159.74.240
empty,Cindee,empty,cpaddyfr@google.cn,Female,empty
569,Francesca,Paynes,fpaynesfs@unesco.org,empty,109.114.216.188
570,Ignacio,empty,empty,Male,98.200.100.15
571,Melinda,Hundley,mhundleyfu@ftc.gov,empty,5.25.248.243
empty,Jereme,Sailer,jsailerfv@linkedin.com,Male,203.85.187.80
573,empty,Itzhak,zitzhakfw@goo.gl,Female,32.111.83.90
574,Magdalen,empty,mpawlickfx@blog.com,empty,83.66.5.160
575,Eba,Thomtson,ethomtsonfy@nbcnews.com,Female,empty
576,Alfonso,Bruck,abruckfz@bloomberg.com,Male,empty
577,Chaddy,empty,cfarnishg0@state.tx.us,Male,empty
578,Darin,Reynolds,empty,Male,162.83.203.218
579,empty,de Zamora,cdezamorag2@infoseek.co.jp,empty,72.82.143.162
580,Barbe,Manville,bmanvilleg3@bravesites.com,Female,223.150.155.93
581,Araldo,empty,empty,Male,151.133.212.148
empty,Cynthia,Kamall,empty,empty,156.220.132.71
empty,empty,Hegarty,empty,empty,38.28.104.217
584,Maisie,empty,empty,Female,176.247.102.143
585,Job,Lethbury,jlethburyg8@tuttocitta.it,empty,67.199.68.108
empty,Paquito,empty,pcushiong9@state.tx.us,Male,empty
empty,Raoul,Ordidge,rordidgega@statcounter.com,empty,101.109.34.7
empty,Belia,Kneaphsey,bkneaphseygb@amazon.com,empty,174.138.1.166
empty,Delmore,empty,dmingardigc@weibo.com,Male,94.94.56.52
590,Avrit,Kinvan,empty,empty,57.178.10.187
591,empty,empty,boldredge@go.com,empty,132.222.196.206
empty,Pollyanna,Trousdell,ptrousdellgf@utexas.edu,Female,201.56.91.93
593,empty,Jeandillou,mjeandillougg@gizmodo.com,Female,43.199.203.95
empty,Greta,empty,gbrandaccigh@va.gov,Female,91.76.243.23
595,Jereme,Giercke,empty,empty,113.112.40.91
596,empty,empty,kbiaggettigj@shinystat.com,Female,184.132.234.73
597,Corine,Edmott,cedmottgk@netvibes.com,Female,empty
598,Dorita,Cupper,dcuppergl@mit.edu,empty,75.1.154.108
599,empty,Gorusso,tgorussogm@sciencedaily.com,empty,233.44.175.123
empty,Sammy,Overthrow,soverthrowgn@theglobeandmail.com,empty,138.86.145.60
601,empty,empty,epizziego@facebook.com,empty,211.178.150.217
empty,empty,empty,mgabergp@networksolutions.com,Female,95.175.112.73
603,Ella,Chinnock,echinnockgq@go.com,Female,empty
empty,empty,Seekings,iseekingsgr@blogspot.com,empty,empty
605,Nickie,Asquith,nasquithgs@gov.uk,Male,189.193.243.228
606,empty,MattiCCI,hmatticcigt@geocities.jp,Female,empty
607,empty,Rosendall,trosendallgu@hugedomains.com,empty,173.11.150.59
empty,empty,Applegarth,bapplegarthgv@cbsnews.com,Male,41.141.73.36
empty,Tyrus,Tunuy,ttunuygw@nature.com,Male,147.122.249.104
610,Anallise,Jaqueminet,ajaqueminetgx@sun.com,empty,empty
611,empty,Puffett,epuffettgy@dagondesign.com,empty,empty
612,empty,McGrill,empty,empty,180.123.3.124
613,Madella,empty,mtenderh0@virginia.edu,Female,empty
614,Rurik,Collecott,rcollecotth1@desdev.cn,empty,163.156.40.50
615,empty,empty,hreynoldsonh2@virginia.edu,Male,233.215.128.29
empty,Marin,Dunnion,mdunnionh3@etsy.com,Female,86.218.242.213
617,Korrie,Carverhill,kcarverhillh4@latimes.com,Female,empty
618,empty,Backshill,abackshillh5@answers.com,Female,133.12.57.126
619,empty,empty,ckillinerh6@1688.com,Male,empty
620,empty,McCullagh,kmccullaghh7@redcross.org,Female,118.71.46.166
621,Tanhya,empty,tewenh8@goodreads.com,Female,empty
622,Doralynn,Padwick,dpadwickh9@g.co,Female,empty
623,empty,empty,rbullmanha@cnbc.com,Male,212.124.143.252
624,Beatrix,empty,empty,Female,160.136.100.170
625,Cynde,Tomasicchio,ctomasicchiohc@joomla.org,empty,152.193.244.159
empty,Rycca,Barby,rbarbyhd@alexa.com,Female,3.189.196.255
empty,empty,empty,wsallierehe@exblog.jp,Female,empty
628,Hermia,empty,empty,Female,142.129.111.115
empty,Cathryn,empty,empty,empty,96.193.203.45
630,empty,Van Velde,cvanveldehh@ebay.com,empty,242.184.118.45
631,Walker,empty,wsparehi@alibaba.com,Male,250.197.73.182
632,empty,empty,fwhimphj@w3.org,Female,23.148.177.84
empty,empty,Penketh,ppenkethhk@phpbb.com,empty,87.202.194.113
634,Jasen,empty,jsweedlandhl@canalblog.com,Male,117.248.104.237
empty,Rudie,empty,rlurrimanhm@phoca.cz,empty,233.103.214.116
empty,Margy,Fouracres,mfouracreshn@cbsnews.com,Female,47.217.214.216
637,Arnie,McUre,empty,Male,empty
638,empty,Trevaskiss,ctrevaskisshp@bloomberg.com,Female,empty
639,Papagena,Domleo,pdomleohq@cpanel.net,empty,empty
empty,Kermie,Rodda,empty,Male,empty
641,Tremaine,empty,tpuzeyhs@friendfeed.com,Male,137.72.69.27
642,Adelheid,Rivelin,arivelinht@java.com,Female,88.16.1.0
643,Mab,Rocks,mrockshu@yellowbook.com,empty,empty
644,Camala,empty,ckalinskyhv@yellowbook.com,empty,172.164.126.161
empty,empty,Boome,empty,empty,131.229.183.117
646,Bobbi,Prendeville,bprendevillehx@cnbc.com,Female,empty
647,Arlyn,Philipart,empty,Female,211.150.20.66
empty,empty,Peat,apeathz@clickbank.net,Female,82.2.176.83
649,Thoma,Augar,taugari0@studiopress.com,Male,181.206.175.192
empty,Chrysa,Priddey,cpriddeyi1@huffingtonpost.com,Female,empty
651,Vernice,empty,vavrahamoffi2@bandcamp.com,Female,empty
652,empty,Pucker,spuckeri3@github.com,Male,92.250.112.132
653,Porty,empty,privalandi4@sciencedaily.com,Male,155.5.176.47
654,empty,Searston,osearstoni5@scientificamerican.com,Female,81.21.153.191
655,Reamonn,empty,rferni6@imdb.com,empty,71.137.240.152
656,Cleavland,Whitemarsh,cwhitemarshi7@va.gov,empty,74.219.27.16
657,Ida,empty,empty,empty,176.110.24.133
empty,empty,Edgehill,empty,Female,20.167.37.178
empty,Mufinella,Cullimore,mcullimoreia@tiny.cc,Female,173.222.72.6
660,Gabriell,Spelman,gspelmanib@usda.gov,empty,166.212.20.8
empty,Jana,Cristofano,jcristofanoic@stanford.edu,empty,161.182.75.210
empty,Creigh,empty,cblodgid@japanpost.jp,empty,254.94.178.139
663,Basia,Lermit,blermitie@washington.edu,empty,48.213.148.185
664,empty,Buesden,empty,Male,213.3.86.82
665,empty,empty,tdavidowig@clickbank.net,Male,empty
empty,Barny,empty,brositaih@thetimes.co.uk,Male,255.52.117.171
667,empty,empty,empty,Female,190.178.113.127
668,Quent,Ibbetson,qibbetsonij@photobucket.com,empty,147.181.220.219
empty,empty,Kramer,empty,empty,empty
670,Jehu,Sola,jsolail@irs.gov,empty,49.136.26.153
empty,Robinetta,Arman,empty,Female,131.189.170.59
672,Rabi,Rookledge,rrookledgein@google.com.br,empty,185.40.204.169
673,Kleon,Glaves,empty,empty,empty
empty,Liza,empty,empty,empty,empty
675,Freda,empty,fpoloniq@ow.ly,Female,216.129.90.65
676,Urbano,Rathmell,urathmellir@gmpg.org,Male,119.255.24.202
677,empty,Mathias,gmathiasis@va.gov,Female,218.10.221.12
678,empty,Fallow,nfallowit@cyberchimps.com,Female,209.209.173.232
679,Garik,Megarrell,empty,Male,empty
680,Wiley,Hatliff,whatliffiv@archive.org,empty,96.136.252.226
681,Mead,Autie,mautieiw@cisco.com,Male,245.188.217.231
empty,Riki,empty,empty,Female,166.114.109.158
683,Barclay,Brickdale,bbrickdaleiy@admin.ch,Male,49.33.180.113
684,Winfred,Edds,weddsiz@ocn.ne.jp,empty,6.67.104.113
685,Jerri,Worling,empty,Male,91.159.53.118
686,Arielle,Fransseni,afranssenij1@cnn.com,Female,19.101.47.114
687,Martino,empty,empty,Male,165.207.130.125
688,Melly,empty,mnuddej3@google.ru,Female,132.203.242.110
689,Abramo,Fronsek,afronsekj4@columbia.edu,Male,38.123.56.190
690,Flossy,Poge,fpogej5@wordpress.com,empty,67.96.64.22
empty,Stan,Pirrie,spirriej6@sakura.ne.jp,empty,27.187.125.1
empty,empty,Weepers,jweepersj7@studiopress.com,empty,167.122.159.233
693,Constanta,empty,cioselevichj8@moonfruit.com,Female,23.25.77.237
694,Ruthi,Blinckhorne,empty,empty,196.63.67.139
695,De,Staynes,dstaynesja@ehow.com,Female,200.71.14.151
696,Yetty,Kester,ykesterjb@privacy.gov.au,empty,232.226.1.176
697,Kirby,Laughlin,klaughlinjc@reference.com,Female,40.128.127.232
698,empty,Wilber,awilberjd@prnewswire.com,empty,193.19.225.4
699,Tedd,empty,empty,Male,223.243.49.218
empty,Selena,Pedlow,spedlowjf@imgur.com,Female,14.69.19.175
701,Alan,Craster,acrasterjg@psu.edu,empty,empty
empty,empty,empty,bonionsjh@multiply.com,Male,233.158.199.213
703,empty,empty,nwoollardji@google.ca,Male,215.73.46.4
empty,Mathias,Marciek,mmarciekjj@aboutads.info,Male,219.126.171.133
705,Vanda,Penticost,empty,Female,253.21.73.122
706,Hi,Manuaud,hmanuaudjl@merriam-webster.com,Male,133.200.70.243
707,Merola,empty,msammutjm@biglobe.ne.jp,Female,empty
708,Reider,Grishankov,rgrishankovjn@skyrock.com,Male,61.154.131.56
empty,empty,Nozzolii,empty,Male,empty
710,Morgana,Sammut,empty,empty,38.225.93.105
711,empty,Hebble,phebblejq@cloudflare.com,empty,empty
712,Francois,Rennolds,empty,Male,190.209.61.221
empty,empty,empty,sdrewjs@tiny.cc,empty,empty
714,empty,empty,rkildalejt@123-reg.co.uk,Male,empty
empty,Karen,Ashurst,kashurstju@taobao.com,Female,131.251.164.60
716,Babette,Clist,empty,Female,42.105.146.201
717,Davy,Primak,empty,Male,empty
empty,Robina,Gehricke,rgehrickejx@about.me,Female,81.2.235.220
empty,Annetta,empty,aextonjy@xinhuanet.com,Female,145.242.132.216
720,Pail,O'Doherty,podohertyjz@gov.uk,empty,empty
721,Adrea,Nevet,empty,Female,8.209.32.237
722,Stoddard,Pingston,empty,Female,empty
723,empty,Faulkner,kfaulknerk2@sourceforge.net,Female,116.224.153.81
724,Tirrell,Leiden,tleidenk3@deviantart.com,Male,231.229.107.104
725,empty,empty,msalergk4@cdc.gov,Female,103.49.182.128
empty,empty,empty,empty,Male,150.245.147.182
empty,Bride,Croasdale,bcroasdalek6@ameblo.jp,Female,50.148.108.249
empty,empty,empty,empty,Female,empty
729,Kelly,empty,empty,Female,72.53.224.92
empty,Quint,Kuhlmey,qkuhlmeyk9@unicef.org,empty,75.230.199.147
731,Loraine,Benet,lbenetka@squidoo.com,Female,149.63.22.54
732,Lisette,empty,empty,Female,empty
empty,empty,Corcoran,rcorcorankc@ask.com,empty,empty
empty,Selig,Giercke,empty,Male,36.207.46.35
735,Clare,empty,ccranhamke@nifty.com,Female,131.132.87.138
736,empty,Prigg,mpriggkf@nydailynews.com,Female,8.202.77.215
empty,empty,Drakeford,ndrakefordkg@de.vu,empty,empty
empty,Rodge,Tilio,rtiliokh@nifty.com,Male,118.211.202.82
empty,Noah,Twamley,ntwamleyki@barnesandnoble.com,Male,91.28.90.105
740,Willow,empty,empty,Female,35.138.22.138
741,empty,empty,empty,Female,204.96.140.108
742,Uriel,empty,udiniscokl@usa.gov,Male,176.201.68.144
743,Nicolea,Hymans,empty,empty,132.248.105.160
744,Silvanus,empty,empty,empty,32.61.28.247
745,empty,Dible,mdibleko@cnbc.com,Male,109.114.93.169
empty,Cary,empty,empty,empty,216.224.149.220
747,Sybil,empty,sderycotkq@barnesandnoble.com,Female,98.175.205.161
748,Gillan,Demanche,empty,Female,empty
749,Ingrid,Marzellano,empty,empty,143.98.58.55
750,Huntington,Holby,empty,empty,28.173.91.26
751,empty,Gaine of England,empty,empty,empty
empty,Kele,empty,kdecentkv@photobucket.com,Male,empty
empty,empty,Franca,empty,Male,216.223.42.214
754,empty,Thebe,athebekx@hexun.com,Male,3.23.106.87
755,Shelley,Carillo,scarilloky@hostgator.com,Male,130.142.130.141
756,Ninnetta,empty,nshrubsallkz@hc360.com,Female,empty
757,Justinian,Hehl,jhehll0@about.me,Male,65.16.204.253
758,empty,empty,hfrankcoml1@comcast.net,empty,72.232.121.209
empty,Worthington,Crollman,wcrollmanl2@quantcast.com,Male,217.29.116.251
760,empty,Feasby,afeasbyl3@lulu.com,empty,empty
761,Bax,MacGahey,bmacgaheyl4@ning.com,Male,81.46.151.18
762,Filippa,empty,fpumphreyl5@dedecms.com,Female,144.230.119.180
763,Hestia,empty,hsongerl6@nationalgeographic.com,empty,4.8.45.165
empty,Dilly,empty,empty,Male,184.28.246.100
empty,Burgess,Yoodall,byoodalll8@yale.edu,empty,empty
empty,Donaugh,Pickerin,empty,Male,empty
767,Camile,empty,cdanceyla@ft.com,empty,empty
768,Ulberto,empty,ujouninglb@cpanel.net,Male,100.55.164.37
769,Adan,empty,apidonlc@disqus.com,empty,190.22.85.53
770,empty,Hamsher,jhamsherld@walmart.com,empty,245.221.75.50
empty,Darya,O'Hoey,dohoeyle@csmonitor.com,Female,empty
empty,Gretal,empty,empty,empty,105.44.169.204
empty,Arel,Spottswood,aspottswoodlg@bbc.co.uk,Male,empty
empty,empty,empty,lwaylh@icio.us,empty,228.158.22.243
775,Tudor,Potzold,empty,Male,220.205.247.136
empty,Aile,Seares,aseareslj@wikipedia.org,Female,231.128.200.195
777,empty,Neumann,sneumannlk@cdc.gov,empty,17.163.212.113
778,Meriel,Driuzzi,mdriuzzill@prlog.org,empty,122.160.143.210
empty,Damita,Macvain,empty,empty,219.232.82.104
780,Cosimo,McGeagh,cmcgeaghln@myspace.com,Male,42.4.108.166
empty,Caty,empty,cbettelo@angelfire.com,empty,171.42.29.166
782,Connor,Edmands,cedmandslp@slate.com,empty,26.196.39.155
783,Ruy,empty,rbavidgelq@networksolutions.com,Male,107.91.88.225
784,Gayel,empty,gneasamlr@mapquest.com,empty,empty
785,Basile,Ellaman,bellamanls@cpanel.net,Male,168.42.206.189
786,empty,Hadley,chadleylt@lycos.com,Male,empty
empty,Udale,Titmarsh,utitmarshlu@ycombinator.com,Male,150.137.255.144
788,Shepard,Finlow,sfinlowlv@parallels.com,Male,118.90.24.181
789,Bill,Drysdall,empty,empty,4.204.233.161
790,empty,Garrow,empty,Male,11.110.166.62
791,Dorita,Slingsby,dslingsbyly@netvibes.com,empty,4.0.199.246
empty,empty,Maybury,empty,Female,7.218.222.170
793,empty,empty,aroscampsm0@joomla.org,empty,empty
794,empty,Cannan,empty,Female,64.63.176.146
795,Christoper,Delagnes,cdelagnesm2@slate.com,Male,151.127.191.255
796,Drugi,Gonnel,empty,empty,164.109.76.94
797,empty,Padell,empty,Female,138.192.139.180
798,empty,Dudman,empty,Female,empty
799,empty,Loughman,rloughmanm6@house.gov,Female,137.8.194.12
800,Aveline,empty,afaheym7@facebook.com,Female,54.194.147.86
empty,North,Abrami,nabramim8@latimes.com,empty,96.243.19.144
802,empty,Grigorescu,lgrigorescum9@shutterfly.com,Male,195.252.108.252
803,Jolee,Frew,jfrewma@discovery.com,empty,81.177.91.180
empty,Morgan,Loosley,empty,Male,84.27.54.61
805,Charmaine,empty,cokeymc@usgs.gov,empty,110.50.111.16
806,empty,Von Gladbach,gvongladbachmd@hud.gov,Male,135.165.49.245
807,Ardelle,Scamal,ascamalme@huffingtonpost.com,Female,1.113.51.19
808,Woody,empty,empty,Male,16.134.29.81
809,empty,Steinson,empty,Female,149.152.124.229
empty,Hunter,MacGovern,hmacgovernmh@paginegialle.it,Male,3.250.153.185
811,Leland,Battany,lbattanymi@lulu.com,Male,78.206.38.209
empty,Chantalle,Issitt,cissittmj@reference.com,Female,empty
813,empty,Doggart,gdoggartmk@independent.co.uk,empty,238.193.105.5
empty,Fenelia,Cammis,fcammisml@amazon.de,Female,94.52.178.170
815,Manfred,Glentworth,mglentworthmm@kickstarter.com,Male,183.76.205.227
empty,empty,Mundford,empty,Female,233.217.119.213
817,empty,Kinset,empty,empty,142.236.166.47
818,Garrek,Oehm,goehmmp@drupal.org,empty,77.200.117.170
819,Fraze,Frow,ffrowmq@infoseek.co.jp,Male,172.228.139.104
820,Wilhelm,Machent,wmachentmr@blogspot.com,empty,empty
empty,empty,empty,empty,Female,165.239.131.251
822,Barbi,Boullen,bboullenmt@biblegateway.com,Female,empty
823,empty,Meininking,empty,Male,22.186.48.34
824,Lammond,Kettlestringes,lkettlestringesmv@uiuc.edu,Male,71.112.97.62
825,empty,Moss,mmossmw@prnewswire.com,Female,18.88.79.47
826,empty,Fassam,rfassammx@amazon.de,Female,98.149.59.122
827,Mia,empty,empty,Female,162.65.24.105
828,Ellary,Plackstone,empty,Male,198.29.0.171
829,Friederike,empty,fnormanvillen0@twitter.com,Female,204.224.179.127
empty,Shayla,empty,skoppensn1@hao123.com,Female,empty
empty,George,La Batie,glabatien2@pen.io,Male,164.86.210.185
empty,Hartwell,Logesdale,empty,Male,3.155.72.230
833,Marlee,Brealey,mbrealeyn4@com.com,Female,237.92.18.171
empty,empty,McGloin,empty,Male,233.82.23.108
835,Laureen,Mundee,lmundeen6@sakura.ne.jp,Female,142.95.241.253
836,Elliott,Peerman,empty,Male,201.91.95.23
837,Land,Harkus,lharkusn8@yale.edu,Male,empty
838,Lissi,Peto,lpeton9@slate.com,empty,empty
empty,empty,Harrowell,jharrowellna@quantcast.com,empty,131.108.3.35
empty,Clywd,empty,cfarnhillnb@hatena.ne.jp,Male,empty
empty,empty,McCrone,empty,Female,36.22.6.191
empty,Tawsha,Giriardelli,tgiriardellind@lycos.com,Female,241.239.65.50
empty,empty,empty,ljennaroyne@youtu.be,Male,182.22.252.200
empty,Linc,Dorre,ldorrenf@yellowpages.com,Male,64.66.156.20
845,Dallas,Cowerd,dcowerdng@edublogs.org,Female,151.203.192.107
empty,Duffy,Bonsall,dbonsallnh@slideshare.net,Male,55.25.38.17
empty,empty,Atyeo,katyeoni@toplist.cz,Male,153.120.71.128
848,Gayel,Comer,gcomernj@yandex.ru,Female,15.46.9.135
849,Anett,empty,amatantsevnk@time.com,Female,empty
empty,Debee,Massenhove,empty,empty,200.197.161.57
851,Chrissie,empty,empty,Male,12.71.174.43
852,Cherice,empty,cmundaynn@kickstarter.com,empty,34.104.41.35
853,Helenelizabeth,empty,hbrigmanno@huffingtonpost.com,empty,122.108.118.237
854,empty,Teresia,eteresianp@desdev.cn,Female,207.89.216.255
855,Aristotle,Brodest,abrodestnq@soundcloud.com,Male,empty
empty,Iosep,Gartsyde,igartsydenr@livejournal.com,Male,empty
857,Liam,empty,lhafnerns@jugem.jp,Male,empty
858,empty,O'Sheerin,hosheerinnt@weebly.com,Female,248.138.217.82
empty,empty,empty,skonertznu@arstechnica.com,Male,empty
860,empty,Berkelay,empty,Female,175.63.72.5
861,Benedetta,Graal,bgraalnw@goo.ne.jp,empty,91.35.21.115
empty,Boyd,Pfeffle,bpfefflenx@digg.com,empty,empty
empty,Kathi,empty,kbattesonny@ebay.com,Female,120.32.101.157
empty,Emerson,Rapin,erapinnz@paypal.com,Male,21.178.1.14
865,Leonardo,empty,empty,Male,1.237.46.184
866,empty,Dorran,bdorrano1@com.com,Male,empty
867,empty,McCray,nmccrayo2@wikipedia.org,Female,254.197.94.166
868,empty,empty,pagetto3@yolasite.com,empty,140.82.163.51
869,Erny,empty,elutzmanno4@usda.gov,Male,158.78.130.170
870,Idette,empty,empty,Female,245.10.3.48
empty,empty,Dirkin,edirkino6@woothemes.com,Male,148.120.6.133
872,empty,Abrami,cabramio7@mediafire.com,Female,239.28.77.85
873,empty,Maidlow,ymaidlowo8@behance.net,empty,empty
empty,empty,Comberbach,mcomberbacho9@123-reg.co.uk,Male,232.45.172.229
875,empty,Swire,empty,Female,124.30.9.146
876,empty,Climpson,sclimpsonob@angelfire.com,Female,empty
877,Julieta,Gethen,jgethenoc@posterous.com,empty,251.205.0.226
878,Koenraad,Duckfield,empty,Male,254.250.234.203
empty,Piggy,Orum,porumoe@usda.gov,Male,141.186.54.175
empty,empty,Vasyutochkin,empty,Female,213.225.102.143
881,Jan,Sparshatt,empty,empty,95.232.183.121
empty,Ricki,Atwell,empty,Female,223.129.43.19
883,Becca,Luttgert,bluttgertoi@berkeley.edu,Female,153.243.11.189
empty,empty,Cuncarr,empty,Male,103.167.228.155
885,Ailsun,empty,amacpaikeok@chicagotribune.com,Female,191.108.141.191
886,Faythe,Bangiard,fbangiardol@un.org,empty,empty
887,Lynett,empty,lhamilom@rambler.ru,Female,empty
888,Kerby,Aikett,kaiketton@army.mil,Male,empty
empty,Renaldo,Gilbert,rgilbertoo@joomla.org,empty,empty
empty,Mariska,Bubbings,mbubbingsop@godaddy.com,Female,empty
891,Urbano,MacDearmid,umacdearmidoq@delicious.com,Male,228.221.239.146
892,Marlane,Gooderick,mgooderickor@wiley.com,Female,117.181.74.245
893,empty,Fanti,ifantios@dell.com,Male,empty
empty,empty,Kyndred,pkyndredot@ft.com,Male,226.74.160.50
895,Anetta,empty,afordou@google.nl,Female,109.104.215.36
empty,Birch,Deetlefs,bdeetlefsov@barnesandnoble.com,empty,114.74.26.46
empty,empty,empty,empty,empty,129.249.116.12
898,empty,Burdin,aburdinox@xrea.com,Male,24.252.118.12
empty,Shelden,Digman,sdigmanoy@ox.ac.uk,Male,179.216.128.161
900,empty,Kock,tkockoz@tinypic.com,Male,119.221.26.203
901,Bonnibelle,Doni,bdonip0@scribd.com,Female,121.181.217.227
902,Briano,Heintzsch,bheintzschp1@ycombinator.com,empty,88.98.113.119
903,Kora,Batty,kbattyp2@wordpress.com,empty,196.89.80.19
empty,Reider,Christene,rchristenep3@bandcamp.com,empty,107.102.155.184
empty,Valle,Gueste,vguestep4@baidu.com,Male,55.204.201.161
906,Tuckie,Storm,tstormp5@nps.gov,Male,69.60.185.122
907,Falkner,Tyrwhitt,empty,empty,17.109.34.26
908,empty,Cockrem,hcockremp7@sun.com,Female,144.94.156.163
909,Elberta,Embra,eembrap8@webs.com,Female,87.101.21.98
910,empty,empty,askakunasp9@ibm.com,Female,127.237.48.159
911,Alicia,Cleaves,acleavespa@w3.org,Female,61.249.208.117
912,Verne,Goslin,vgoslinpb@blog.com,Male,empty
913,Phillipp,empty,pmaruskapc@github.com,Male,178.207.185.92
empty,Anastassia,Wateridge,awateridgepd@scribd.com,Female,179.24.139.222
empty,Haskell,Seedhouse,hseedhousepe@sun.com,Male,249.124.56.70
empty,empty,empty,lhoyspf@bravesites.com,empty,117.121.8.179
empty,Krispin,empty,ksissonspg@amazon.co.uk,Male,empty
empty,Minnnie,empty,mimessonph@cbsnews.com,empty,empty
empty,Myca,Treverton,mtrevertonpi@facebook.com,Male,200.46.203.89
920,Kermie,Basini-Gazzi,kbasinigazzipj@sitemeter.com,Male,64.98.228.147
empty,Aretha,empty,achivertonpk@rambler.ru,Female,249.219.57.164
922,Corney,empty,crabbepl@issuu.com,Male,192.44.252.64
923,Zorana,Lambal,zlambalpm@twitpic.com,Female,223.229.188.76
924,empty,Robottham,empty,Male,235.225.226.168
925,Ranique,Pawling,rpawlingpo@aol.com,Female,177.142.89.101
926,Barth,Ovize,bovizepp@slideshare.net,Male,239.68.40.86
927,Lidia,Freiburger,lfreiburgerpq@wordpress.org,Female,empty
928,Merlina,Doolan,mdoolanpr@earthlink.net,Female,252.24.179.144
929,Leland,Ledson,lledsonps@t.co,Male,215.22.149.147
930,Wade,Brilleman,wbrillemanpt@si.edu,Male,252.199.85.132
empty,Ingunna,Hedylstone,empty,Female,81.112.151.171
932,empty,Josofovitz,empty,Male,168.118.70.142
933,Abraham,Ortega,empty,Male,237.5.254.176
934,empty,Yter,tyterpx@linkedin.com,empty,84.43.40.118
empty,Andrej,Dawidman,adawidmanpy@wordpress.com,Male,empty
empty,empty,empty,fmulroypz@newyorker.com,Female,1.245.34.204
937,Babbie,Teale,btealeq0@usatoday.com,Female,empty
empty,Nora,Kowalik,nkowalikq1@networkadvertising.org,Female,35.80.130.244
empty,Danny,empty,dmaddocksq2@123-reg.co.uk,empty,67.143.13.57
940,empty,empty,empty,Female,44.149.86.12
empty,Felita,Harverson,fharversonq4@nasa.gov,Female,141.164.109.9
942,Fredric,Caven,empty,Male,52.197.216.84
943,empty,Deakins,jdeakinsq6@over-blog.com,empty,169.48.157.173
empty,Oswell,empty,ogarletteq7@foxnews.com,Male,97.26.183.141
empty,Aksel,Sargison,asargisonq8@topsy.com,Male,135.191.236.51
946,Marybelle,Burstowe,empty,Female,15.11.10.62
empty,empty,Pogosian,fpogosianqa@yale.edu,Male,192.182.109.90
empty,Free,empty,fmacturloughqb@ask.com,Male,179.201.34.203
949,empty,Calterone,acalteroneqc@blog.com,empty,7.88.139.95
950,empty,Coverly,empty,empty,empty
empty,Alicea,Palay,apalayqe@telegraph.co.uk,Female,173.175.199.253
952,Esmaria,empty,empty,Female,empty
empty,Hamil,Van der Hoven,hvanderhovenqg@csmonitor.com,Male,90.238.7.194
954,Jo ann,Ansill,empty,Female,166.247.130.157
955,Abbie,Chritchley,empty,Male,160.132.110.142
956,Daile,Ciccotto,empty,empty,183.0.163.17
957,Wald,Smoughton,wsmoughtonqk@ocn.ne.jp,Male,159.99.73.112
empty,empty,Mallam,empty,Male,empty
959,Mel,Moden,mmodenqm@nasa.gov,Female,172.230.250.207
960,empty,Lording,hlordingqn@csmonitor.com,empty,111.144.107.223
961,empty,empty,bberrymanqo@1und1.de,Male,empty
962,empty,Agar,aagarqp@unc.edu,Female,empty
963,John,empty,jcanonqq@blogspot.com,Male,168.79.132.83
964,Tania,empty,tpoutressqr@hostgator.com,Female,empty
965,Jessi,Yapp,jyappqs@eepurl.com,empty,66.38.106.175
966,Quinton,empty,qwinckworthqt@blog.com,empty,108.183.188.119
967,empty,Autie,cautiequ@huffingtonpost.com,Female,empty
968,Bar,empty,branniganqv@redcross.org,Male,empty
969,empty,Breakwell,sbreakwellqw@who.int,Male,171.50.129.156
970,Flora,Oldham,empty,empty,178.255.239.130
empty,empty,Mc Gorley,imcgorleyqy@altervista.org,empty,129.226.48.20
972,Garvey,empty,gmarcqqz@gov.uk,Male,28.66.185.151
empty,Barry,Ecclestone,becclestoner0@spiegel.de,Female,160.114.148.110
974,empty,Spracklin,bspracklinr1@tuttocitta.it,Male,143.40.202.90
975,empty,empty,ltriper2@vinaora.com,Female,136.12.192.9
976,Harald,empty,empty,Male,empty
empty,Calhoun,Lumbly,clumblyr4@technorati.com,empty,205.75.81.215
978,empty,Mantram,rmantramr5@umich.edu,Male,196.194.243.158
979,Johanna,Mathe,jmather6@friendfeed.com,empty,254.2.202.123
980,Wylie,MacGilpatrick,empty,Male,empty
981,empty,Sevitt,empty,Female,88.62.182.11
982,Holly-anne,Capstake,hcapstaker9@nhs.uk,empty,empty
983,Jaimie,Lamdin,jlamdinra@europa.eu,Male,206.4.243.173
empty,Lauren,Mosedall,lmosedallrb@alibaba.com,empty,93.119.137.238
985,Killie,Rintoul,krintoulrc@dyndns.org,Male,194.22.0.145
empty,Flora,Pantin,empty,empty,194.100.199.194
987,Leupold,Gawen,lgawenre@tripod.com,empty,102.214.108.3
988,Yehudi,Eyes,yeyesrf@macromedia.com,empty,196.148.39.109
empty,Gustaf,empty,empty,Male,empty
empty,empty,McKean,mmckeanrh@blogtalkradio.com,Male,87.175.128.208
991,Randie,Whilder,rwhilderri@reverbnation.com,Male,223.243.179.203
992,Tamiko,McDavid,tmcdavidrj@hud.gov,Female,114.99.68.74
993,empty,Kareman,kkaremanrk@studiopress.com,Female,9.71.7.252
994,Samson,empty,shurdmanrl@columbia.edu,Male,37.6.57.200
empty,Even,Battabee,ebattabeerm@japanpost.jp,Male,92.48.87.114
996,Drucie,Bondy,dbondyrn@uiuc.edu,empty,178.113.3.175
997,Jakie,Mirfield,jmirfieldro@studiopress.com,empty,empty
998,Egor,empty,empty,Male,27.109.24.41
999,Stanislaus,empty,sliddiattrq@jimdo.com,empty,empty
1000,Alair,Futcher,afutcherrr@gravatar.com,Male,65.26.17.65
